category,usage,name
,,AK101_Black
,,AK101_Green
,,AK74_Black
,,AK74_Green
,,AKS74U_Black
,,AKS74U_Green
,,AK_FoldingBttstck_Black
,,AK_FoldingBttstck_Green
,,AK_PlasticBttstck_Black
,,AK_PlasticBttstck_Green
,,AK_RailHndgrd_Black
,,AK_RailHndgrd_Green
,,AK_WoodBttstck_Black
,,AK_WoodBttstck_Camo
,,AK_WoodHndgrd_Black
,,AK_WoodHndgrd_Camo
,,AgaricusMushroom
,,Ammo_CupidsBolt
,,Ammo_ImprovisedBolt_1
,,Ammo_ImprovisedBolt_2
,,Animal_BosTaurusF_Brown
,,Animal_BosTaurusF_Spotted
,,Animal_BosTaurusF_White
,,Animal_BosTaurus_Brown
,,Animal_BosTaurus_Spotted
,,Animal_BosTaurus_White
,,Animal_CanisLupus_Grey
,,Animal_CanisLupus_White
,,Animal_CapraHircusF
,,Animal_CapraHircus_Black
,,Animal_CapraHircus_Brown
,,Animal_CapraHircus_Spooky
,,Animal_CapraHircus_White
,,Animal_CapreolusCapreolus
,,Animal_CapreolusCapreolusF
,,Animal_CervusElaphus
,,Animal_CervusElaphusF
,,Animal_GallusGallusDomesticus
,,Animal_GallusGallusDomesticusF_Brown
,,Animal_GallusGallusDomesticusF_Spotted
,,Animal_GallusGallusDomesticusF_White
,,Animal_LepusEuropaeus
,,Animal_OvisAries
,,Animal_OvisAriesF
,,Animal_RangiferTarandus
,,Animal_RangiferTarandusF
,,Animal_RangiferTarandus_Xmas
,,Animal_SusDomesticus
,,Animal_SusScrofa
,,Animal_UrsusArctos
,,Animal_VulpesVulpes
,,AntiPestsSpray
,,Apple
,,Armband_APA
,,Armband_Altis
,,Armband_BabyDeer
,,Armband_Bear
,,Armband_Black
,,Armband_Blue
,,Armband_Bohemia
,,Armband_BrainZ
,,Armband_CDF
,,Armband_CHEL
,,Armband_CMC
,,Armband_Cannibals
,,Armband_Chedaki
,,Armband_Chernarus
,,Armband_Crook
,,Armband_DayZ
,,Armband_Green
,,Armband_HunterZ
,,Armband_Livonia
,,Armband_LivoniaArmy
,,Armband_LivoniaPolice
,,Armband_NAPA
,,Armband_NSahrani
,,Armband_Orange
,,Armband_Pink
,,Armband_Pirates
,,Armband_RSTA
,,Armband_Red
,,Armband_Refuge
,,Armband_Rex
,,Armband_Rooster
,,Armband_SSahrani
,,Armband_Snake
,,Armband_TEC
,,Armband_UEC
,,Armband_White
,,Armband_Wolf
,,Armband_Yellow
,,Armband_Zagorky
,,Armband_Zenit
,,AuriculariaMushroom
,,Bait
,,BakedBeansCan_Opened
,,BarbedBaseballBat
,,Bark_Birch
,,Bark_Oak
,,BarrelHoles_Blue
,,BarrelHoles_Green
,,BarrelHoles_Red
,,BarrelHoles_Yellow
,,BearPelt
,,BearSteakMeat
,,Bitterlings
,,BloodBagFull
,,BloodBagIV
,,BoarSteakMeat
,,Boat_01_Black
,,Boat_01_Blue
,,Boat_01_Camo
,,Boat_01_Orange
,,BoletusMushroom
,,BoneBait
,,BoneHook
,,BoneKnife
,,Bonfire
,,BrisketSpread_Opened
,,BurlapSackCover
,,BurlapStrip
,,CaninaBerry
,,Carp
,,CarpFilletMeat
,,CatFoodCan_Opened
,,ChernarusMap_Open
,,ChickenBreastMeat
,,ChristmasTree_Green
,,CivSedanWheel_Ruined
,,CivilianSedan
,,CivilianSedan_Black
,,CivilianSedan_Wine
,,ContaminatedArea_Dynamic
,,CookingStand
,,CourierBag
,,CowPelt
,,CowSteakMeat
,,CraterellusMushroom
,,DeadChicken_Brown
,,DeadChicken_Spotted
,,DeadChicken_White
,,DeadFox
,,DeadRabbit
,,DeadRooster
,,DeerPelt
,,DeerSteakMeat
,,DogFoodCan_Opened
,,DrysackBag_Green
,,DrysackBag_Orange
,,DrysackBag_Yellow
,,EyePatch_Improvised
,,FaceCover_Improvised
,,FeetCover_Improvised
,,Fence
,,FenceKit
,,FirefighterAxe_Black
,,FirefighterAxe_Green
,,Fireplace
,,FireplaceFireBarrel
,,FireplaceIndoor
,,Firewood
,,FishNetTrap
,,FoxPelt
,,FoxSteakMeat
,,FurCourierBag
,,FurImprovisedBag
,,GardenPlot
,,GardenPlotGreenhouse
,,GardenPlotPolytunnel
,,GasMask_Filter_Improvised
,,GhillieAtt_Mossy
,,GhillieAtt_Tan
,,GhillieBushrag_Mossy
,,GhillieBushrag_Tan
,,GhillieHood_Mossy
,,GhillieHood_Tan
,,GhillieSuit_Mossy
,,GhillieSuit_Tan
,,GhillieTop_Mossy
,,GhillieTop_Tan
,,GiftWrapPaper
,,GoatPelt
,,GoatSteakMeat
,,Guts
,,HandDrillKit
,,HandcuffsLocked
,,HandsCover_Improvised
,,HatchbackWheel_Ruined
,,Hatchback_02
,,Hatchback_02_Black
,,Hatchback_02_Blue
,,Hatchback_02_Wheel_Ruined
,,HeadCover_Improvised
,,HeadlightH7
,,HumanSteakMeat
,,ImprovisedBag
,,ImprovisedExplosive
,,ImprovisedFishingRod
,,ImprovisedSuppressor
,,LactariusMushroom
,,Land_Boat_Small9_DE
,,Land_ContainerLocked_Blue_DE
,,Land_ContainerLocked_Orange_DE
,,Land_ContainerLocked_Red_DE
,,Land_ContainerLocked_Yellow_DE
,,Land_Container_1Aoh_DE
,,Land_Container_1Bo_DE
,,Land_Container_1Mo_DE
,,Land_Container_1Moh_DE
,,Land_Train_Wagon_Box_DE
,,Land_Train_Wagon_Box_Mil_DE
,,Land_WarheadStorage_Room1
,,Land_WarheadStorage_Room2
,,Land_WarheadStorage_Room3
,,Land_WarheadStorage_Room4
,,Land_Wreck_Ikarus_DE
,,Land_Wreck_S1023_Medic_Beige_DE
,,Land_Wreck_Tractor_DE
,,Land_Wreck_Trailer_Closed_DE
,,Land_Wreck_V3S_DE
,,Land_Wreck_hb01_aban1_green_DE
,,Land_Wreck_hb01_aban1_police
,,Land_Wreck_hb01_aban1_police_DE
,,Land_Wreck_hb01_aban2_blue_DE
,,Land_Wreck_hb01_aban2_green_DE
,,Land_Wreck_hb01_aban2_police
,,Land_Wreck_hb01_aban2_police_DE
,,Land_Wreck_hb02_aban1_black_DE
,,Land_Wreck_hb02_aban1_blue_DE
,,Land_Wreck_hb02_aban1_red_DE
,,Land_Wreck_hb02_aban2_black_DE
,,Land_Wreck_hb02_aban2_blue_DE
,,Land_Wreck_hb02_aban2_red_DE
,,Land_Wreck_offroad02_aban1_DE
,,Land_Wreck_offroad02_aban2_DE
,,Land_Wreck_sed01_aban1_black_DE
,,Land_Wreck_sed01_aban1_police
,,Land_Wreck_sed01_aban1_white_DE
,,Land_Wreck_sed01_aban1_wine_DE
,,Land_Wreck_sed01_aban2_black_DE
,,Land_Wreck_sed01_aban2_police
,,Land_Wreck_sed01_aban2_white_DE
,,Land_Wreck_sed01_aban2_wine_DE
,,Land_Wreck_sed02_aban1_Police_DE
,,Land_Wreck_sed02_aban1_red_DE
,,Land_Wreck_sed02_aban1_yellow_DE
,,Land_Wreck_sed02_aban2_Police_DE
,,Land_Wreck_sed02_aban2_grey_DE
,,Land_Wreck_sed02_aban2_red_DE
,,Land_wreck_sed02_aban1_police
,,Land_wreck_sed02_aban2_police
,,Land_wreck_truck01_aban1_blue_DE
,,Land_wreck_truck01_aban1_firetruck_DE
,,Land_wreck_truck01_aban1_green_DE
,,Land_wreck_truck01_aban1_orange_DE
,,Land_wreck_truck01_aban2_blue_DE
,,Land_wreck_truck01_aban2_firetruck_DE
,,Land_wreck_truck01_aban2_green_DE
,,Land_wreck_truck01_aban2_orange_DE
,,Lard
,,LeatherBelt_Beige
,,LeatherBelt_Black
,,LeatherBelt_Brown
,,LeatherBelt_Natural
,,LeatherGloves_Beige
,,LeatherGloves_Black
,,LeatherGloves_Brown
,,LeatherGloves_Natural
,,LeatherHat_Beige
,,LeatherHat_Black
,,LeatherHat_Brown
,,LeatherHat_Natural
,,LeatherJacket_Beige
,,LeatherJacket_Black
,,LeatherJacket_Brown
,,LeatherJacket_Natural
,,LeatherKnifeSheath
,,LeatherPants_Beige
,,LeatherPants_Black
,,LeatherPants_Brown
,,LeatherPants_Natural
,,LeatherSack_Beige
,,LeatherSack_Black
,,LeatherSack_Brown
,,LeatherSack_Natural
,,LeatherShirt_Natural
,,LeatherShoes_Beige
,,LeatherShoes_Black
,,LeatherShoes_Brown
,,LeatherShoes_Natural
,,LeatherStorageVest_Beige
,,LeatherStorageVest_Black
,,LeatherStorageVest_Brown
,,LeatherStorageVest_Natural
,,LegsCover_Improvised
,,LongTorch
,,LongWoodenStick
,,Lunchmeat_Opened
,,M4A1_Black
,,M4A1_Green
,,M4_RISHndgrd_Black
,,M4_RISHndgrd_Green
,,Mackerel
,,MackerelFilletMeat
,,MacrolepiotaMushroom
,,Misc_TirePile_Burning_DE
,,Mosin9130_Black
,,Mosin9130_Camo
,,Mosin9130_Green
,,MouthRag
,,Nail
,,NailedBaseballBat
,,OffroadHatchback
,,OffroadHatchback_Blue
,,OffroadHatchback_White
,,Offroad_02
,,OvenIndoor
,,Pajka_Opened
,,Paper
,,Pate_Opened
,,PeachesCan_Opened
,,Pear
,,PepperSeeds
,,PigPelt
,,PigSteakMeat
,,PlantMaterial
,,Plant_Pepper
,,Plant_Potato
,,Plant_Pumpkin
,,Plant_Tomato
,,Plant_Zucchini
,,PleurotusMushroom
,,Plum
,,PorkCan_Opened
,,Potato
,,Pumpkin
,,PumpkinSeeds
,,RabbitLegMeat
,,RabbitPelt
,,RabbitSnareTrap
,,Rag
,,RedCaviar
,,ReindeerPelt
,,ReindeerSteakMeat
,,RemoteDetonatorReceiver
,,RemoteDetonatorTrigger
,,RopeBelt
,,SalineBagIV
,,SambucusBerry
,,Sardines
,,SardinesCan_Opened
,,SawedoffB95
,,SawedoffFAMAS
,,SawedoffIzh18
,,SawedoffIzh18Shotgun
,,SawedoffIzh43Shotgun
,,SawedoffMagnum
,,SawedoffMosin9130
,,SawedoffMosin9130_Black
,,SawedoffMosin9130_Camo
,,SawedoffMosin9130_Green
,,Sedan_02
,,Sedan_02_Grey
,,Sedan_02_Red
,,Sedan_02_Wheel_Ruined
,,SharpWoodenStick
,,SheepPelt
,,SheepSteakMeat
,,ShelterFabric
,,ShelterKit
,,ShelterLeather
,,ShelterSite
,,ShelterStick
,,SlicedPumpkin
,,SmallFishTrap
,,SmallGuts
,,SmallStone
,,SpaghettiCan_Opened
,,SpearBone
,,SpearStone
,,Splint
,,Splint_Applied
,,StaticObj_Decal_damage_long2_DE
,,StaticObj_Decal_damage_long3_DE
,,StaticObj_FrozenScientist_DE
,,StaticObj_Misc_SupplyBox1_DE
,,StaticObj_Misc_SupplyBox2_DE
,,StaticObj_Misc_SupplyBox3_DE
,,StaticObj_PatrolBoat_Military_DE
,,StaticObj_Roadblock_Wood_Long_DE
,,StaticObj_Roadblock_Wood_Small_DE
,,StaticObj_Train_Wagon_Flat_Industrial_Barrels_DE
,,StaticObj_Train_Wagon_Flat_Industrial_Planks_DE
,,StaticObj_Wreck_BMP1_NoPlacement_DE
,,StaticObj_Wreck_BMP2_DE
,,StaticObj_Wreck_Decal_Small1_DE
,,StaticObj_Wreck_Decal_Small2_DE
,,StaticObj_Wreck_T72_Chassis_DE
,,StaticObj_Wreck_T72_Turret_DE
,,StaticObj_Wreck_Trailer_Flat_DE
,,StaticObj_Wreck_Train_742_Blue_DE
,,StaticObj_Wreck_Train_742_Blue_Mil_DE
,,StaticObj_Wreck_Train_742_Red_Mil_DE
,,StaticObj_Wreck_Train_Wagon_Flat_DE
,,StaticObj_Wreck_Train_Wagon_Flat_Mil_DE
,,StaticObj_Wreck_Train_Wagon_Tanker_DE
,,StaticObj_Wreck_Train_Wagon_Tanker_Mil_DE
,,StaticObj_Wreck_Uaz_DE
,,StaticObj_Wreck_Ural_DE
,,SteelheadTrout
,,SteelheadTroutFilletMeat
,,Stone
,,StoneKnife
,,TacticalBaconCan_Opened
,,TannedLeather
,,TerritoryFlag
,,TerritoryFlagKit
,,TomatoSeeds
,,Torch
,,TorsoCover_Improvised
,,TripwireTrap
,,Truck_01_Covered
,,Truck_01_Covered_Blue
,,Truck_01_Covered_Orange
,,Truck_01_WheelDouble_Ruined
,,Truck_01_Wheel_Ruined
,,TunaCan_Opened
,,UndergroundStash
,,UndergroundStashSnow
,,UnknownFoodCan_Opened
,,WalleyePollock
,,WalleyePollockFilletMeat
,,Watchtower
,,WatchtowerKit
,,WildboarPelt
,,WolfPelt
,,WolfSteakMeat
,,WoodenCrate
,,WoodenLog
,,WoodenPlank
,,WoodenStick
,,Wreck_Mi8_Crashed
,,Wreck_SantasSleigh
,,Wreck_UH1Y
,,ZmbF_BlueCollarFat_Blue
,,ZmbF_BlueCollarFat_Green
,,ZmbF_BlueCollarFat_Red
,,ZmbF_BlueCollarFat_White
,,ZmbF_CitizenANormal_Beige
,,ZmbF_CitizenANormal_Blue
,,ZmbF_CitizenANormal_Brown
,,ZmbF_CitizenBSkinny
,,ZmbF_Clerk_Normal_Blue
,,ZmbF_Clerk_Normal_Green
,,ZmbF_Clerk_Normal_Red
,,ZmbF_Clerk_Normal_White
,,ZmbF_DoctorSkinny
,,ZmbF_HikerSkinny_Blue
,,ZmbF_HikerSkinny_Green
,,ZmbF_HikerSkinny_Grey
,,ZmbF_HikerSkinny_Red
,,ZmbF_JoggerSkinny_Blue
,,ZmbF_JoggerSkinny_Brown
,,ZmbF_JoggerSkinny_Green
,,ZmbF_JoggerSkinny_Red
,,ZmbF_JournalistNormal_Blue
,,ZmbF_JournalistNormal_Green
,,ZmbF_JournalistNormal_Red
,,ZmbF_JournalistNormal_White
,,ZmbF_MechanicNormal_Beige
,,ZmbF_MechanicNormal_Green
,,ZmbF_MechanicNormal_Grey
,,ZmbF_MechanicNormal_Orange
,,ZmbF_MilkMaidOld_Beige
,,ZmbF_MilkMaidOld_Black
,,ZmbF_MilkMaidOld_Green
,,ZmbF_MilkMaidOld_Grey
,,ZmbF_NurseFat
,,ZmbF_NurseFat_Winter
,,ZmbF_ParamedicNormal_Blue
,,ZmbF_ParamedicNormal_Green
,,ZmbF_ParamedicNormal_Red
,,ZmbF_PatientOld
,,ZmbF_PatientOld_Winter
,,ZmbF_PoliceWomanNormal
,,ZmbF_ShortSkirt_beige
,,ZmbF_ShortSkirt_black
,,ZmbF_ShortSkirt_brown
,,ZmbF_ShortSkirt_checks
,,ZmbF_ShortSkirt_green
,,ZmbF_ShortSkirt_grey
,,ZmbF_ShortSkirt_red
,,ZmbF_ShortSkirt_stripes
,,ZmbF_ShortSkirt_white
,,ZmbF_ShortSkirt_yellow
,,ZmbF_SkaterYoung_Brown
,,ZmbF_SkaterYoung_Striped
,,ZmbF_SkaterYoung_Violet
,,ZmbF_SurvivorNormal_Blue
,,ZmbF_SurvivorNormal_Orange
,,ZmbF_SurvivorNormal_Red
,,ZmbF_SurvivorNormal_White
,,ZmbF_VillagerOld_Blue
,,ZmbF_VillagerOld_Green
,,ZmbF_VillagerOld_Red
,,ZmbF_VillagerOld_White
,,ZmbM_CitizenASkinny_Blue
,,ZmbM_CitizenASkinny_Brown
,,ZmbM_CitizenASkinny_Grey
,,ZmbM_CitizenASkinny_Red
,,ZmbM_CitizenBFat_Blue
,,ZmbM_CitizenBFat_Green
,,ZmbM_CitizenBFat_Red
,,ZmbM_ClerkFat_Brown
,,ZmbM_ClerkFat_Grey
,,ZmbM_ClerkFat_Khaki
,,ZmbM_ClerkFat_White
,,ZmbM_CommercialPilotOld_Blue
,,ZmbM_CommercialPilotOld_Brown
,,ZmbM_CommercialPilotOld_Grey
,,ZmbM_CommercialPilotOld_Olive
,,ZmbM_ConstrWorkerNormal_Beige
,,ZmbM_ConstrWorkerNormal_Black
,,ZmbM_ConstrWorkerNormal_Green
,,ZmbM_ConstrWorkerNormal_Grey
,,ZmbM_DoctorFat
,,ZmbM_DoctorFat_Winter
,,ZmbM_FarmerFat_Beige
,,ZmbM_FarmerFat_Blue
,,ZmbM_FarmerFat_Brown
,,ZmbM_FarmerFat_Green
,,ZmbM_FirefighterNormal
,,ZmbM_FishermanOld_Blue
,,ZmbM_FishermanOld_Green
,,ZmbM_FishermanOld_Grey
,,ZmbM_FishermanOld_Red
,,ZmbM_Gamedev_Black
,,ZmbM_Gamedev_Blue
,,ZmbM_Gamedev_Gray
,,ZmbM_HandymanNormal_Beige
,,ZmbM_HandymanNormal_Blue
,,ZmbM_HandymanNormal_Green
,,ZmbM_HandymanNormal_Grey
,,ZmbM_HandymanNormal_White
,,ZmbM_HeavyIndustryWorker
,,ZmbM_HermitSkinny_Beige
,,ZmbM_HermitSkinny_Black
,,ZmbM_HermitSkinny_Green
,,ZmbM_HermitSkinny_Red
,,ZmbM_HikerSkinny_Blue
,,ZmbM_HikerSkinny_Green
,,ZmbM_HikerSkinny_Yellow
,,ZmbM_HunterOld_Autumn
,,ZmbM_HunterOld_Spring
,,ZmbM_HunterOld_Summer
,,ZmbM_HunterOld_Winter
,,ZmbM_Jacket_beige
,,ZmbM_Jacket_black
,,ZmbM_Jacket_blue
,,ZmbM_Jacket_bluechecks
,,ZmbM_Jacket_brown
,,ZmbM_Jacket_greenchecks
,,ZmbM_Jacket_grey
,,ZmbM_Jacket_khaki
,,ZmbM_Jacket_magenta
,,ZmbM_Jacket_stripes
,,ZmbM_JoggerSkinny_Blue
,,ZmbM_JoggerSkinny_Green
,,ZmbM_JoggerSkinny_Red
,,ZmbM_JournalistSkinny
,,ZmbM_MechanicSkinny_Blue
,,ZmbM_MechanicSkinny_Green
,,ZmbM_MechanicSkinny_Grey
,,ZmbM_MechanicSkinny_Red
,,ZmbM_MotobikerFat_Beige
,,ZmbM_MotobikerFat_Black
,,ZmbM_MotobikerFat_Blue
,,ZmbM_NBC_Grey
,,ZmbM_NBC_White
,,ZmbM_NBC_Yellow
,,ZmbM_OffshoreWorker_Green
,,ZmbM_OffshoreWorker_Orange
,,ZmbM_OffshoreWorker_Red
,,ZmbM_OffshoreWorker_Yellow
,,ZmbM_ParamedicNormal_Black
,,ZmbM_ParamedicNormal_Blue
,,ZmbM_ParamedicNormal_Green
,,ZmbM_ParamedicNormal_Red
,,ZmbM_PatientSkinny
,,ZmbM_PatientSkinny_Winter
,,ZmbM_PatrolNormal_Autumn
,,ZmbM_PatrolNormal_Flat
,,ZmbM_PatrolNormal_PautRev
,,ZmbM_PatrolNormal_Summer
,,ZmbM_PatrolNormal_Winter
,,ZmbM_PolicemanFat
,,ZmbM_PolicemanSpecForce
,,ZmbM_PolicemanSpecForce_Heavy
,,ZmbM_PrisonerSkinny
,,ZmbM_Santa
,,ZmbM_SkaterYoung_Blue
,,ZmbM_SkaterYoung_Brown
,,ZmbM_SkaterYoung_Green
,,ZmbM_SkaterYoung_Grey
,,ZmbM_SoldierNormal
,,ZmbM_VillagerOld_Blue
,,ZmbM_VillagerOld_Green
,,ZmbM_VillagerOld_White
,,ZmbM_eastSoldier_Heavy_Navy
,,ZmbM_eastSoldier_normal_Navy
,,ZmbM_priestPopSkinny
,,ZmbM_usSoldier_Heavy_Woodland
,,ZmbM_usSoldier_Officer_Convoy
,,ZmbM_usSoldier_Officer_Desert
,,ZmbM_usSoldier_normal_Desert
,,ZmbM_usSoldier_normal_Woodland
,,Zmbm_Mummy
,,ZucchiniSeeds
,Coast,GlassBottle
,Coast,WaterBottle
,ContaminatedArea,ScientificBriefcase
,Farm,EasterEgg
,Farm,GlassBottle
,Farm,WaterBottle
,Hunting,GlassBottle
,Hunting,WaterBottle
,Medic,GlassBottle
,Medic,WaterBottle
,Military,GhillieAtt_Winter
,Military,PlateCarrierHolster_Winter
,Police,GlassBottle
,Police,Land_Wreck_Volha_Police
,Police,WaterBottle
,SeasonalEvent,Broom_Birch
,SeasonalEvent,Cauldron
,SeasonalEvent,CrookedNose
,SeasonalEvent,WitchHat
,SeasonalEvent,WitchHood_Black
,SeasonalEvent,WitchHood_Brown
,SeasonalEvent,WitchHood_Red
,Town,GlassBottle
,Town,Sweater_ChristmasBlue
,Town,Sweater_ChristmasGreen
,Town,Sweater_ChristmasRed
,Town,WaterBottle
,Underground,PlateCarrierVest_Black
,Underground,PlateCarrierVest_Green
,Village,GlassBottle
,Village,Sweater_ChristmasBlue
,Village,Sweater_ChristmasGreen
,Village,Sweater_ChristmasRed
,Village,WaterBottle
clothes,,BalaclavaMask_Chain
clothes,,DarkMotoHelmet_YellowScarred
clothes,,Headdress_Wolf
clothes,,LeafCrown_Autumn
clothes,,LeafCrown_Spring
clothes,,LeafCrown_Summer
clothes,,LeafCrown_Winter
clothes,,PaydayMask_Chains
clothes,,PaydayMask_Dallas
clothes,,PaydayMask_Hoxton
clothes,,PaydayMask_Wolf
clothes,,PlateCarrierHolster_Camo
clothes,,PlateCarrierPouches_Camo
clothes,,PlateCarrierVest
clothes,,PlateCarrierVest_Camo
clothes,,Shemag_Brown
clothes,,Shemag_Green
clothes,,Shemag_Red
clothes,,Shemag_White
clothes,,WitchHoodCoif_Black
clothes,,WitchHoodCoif_Brown
clothes,,WitchHoodCoif_Red
clothes,Coast,BalaclavaMask_Pig
clothes,Coast,Hoodie_Grey
clothes,Coast,NavyUniformJacket
clothes,Coast,NavyUniformPants
clothes,Coast,Raincoat_Black
clothes,Coast,Raincoat_Blue
clothes,Coast,Raincoat_Green
clothes,Coast,Raincoat_Orange
clothes,Coast,Raincoat_Pink
clothes,Coast,Raincoat_Red
clothes,Coast,Raincoat_Yellow
clothes,ContaminatedArea,BalaclavaMask_Pig
clothes,Farm,BalaclavaMask_Pig
clothes,Farm,BudenovkaHat_Gray
clothes,Farm,CargoPants_Beige
clothes,Farm,CargoPants_Black
clothes,Farm,CargoPants_Blue
clothes,Farm,CargoPants_Green
clothes,Farm,CargoPants_Grey
clothes,Farm,CowboyHat_Brown
clothes,Farm,CowboyHat_black
clothes,Farm,CowboyHat_darkBrown
clothes,Farm,CowboyHat_green
clothes,Farm,DownJacket_Blue
clothes,Farm,DownJacket_Green
clothes,Farm,DownJacket_Orange
clothes,Farm,DownJacket_Red
clothes,Farm,JumpsuitJacket_Gray
clothes,Farm,JumpsuitJacket_Green
clothes,Farm,JumpsuitPants_Green
clothes,Farm,JumpsuitPants_Grey
clothes,Farm,PumpkinHelmet
clothes,Farm,RadarCap_Black
clothes,Farm,RadarCap_Blue
clothes,Farm,RadarCap_Brown
clothes,Farm,RadarCap_Green
clothes,Farm,RadarCap_Red
clothes,Farm,SherpaHat_Black
clothes,Farm,SherpaHat_Blue
clothes,Farm,SherpaHat_Red
clothes,Farm,SkiGloves_Blue
clothes,Farm,SkiGloves_Red
clothes,Farm,SkiGoggles_BlackYellow
clothes,Farm,SkiGoggles_WhiteClear
clothes,Farm,SkiGoggles_WhiteDark
clothes,Farm,Wellies_Black
clothes,Farm,Wellies_Brown
clothes,Farm,Wellies_Green
clothes,Farm,Wellies_Grey
clothes,Farm,WoolCoat_Beige
clothes,Farm,WoolCoat_Black
clothes,Farm,WoolCoat_BlackCheck
clothes,Farm,WoolCoat_Blue
clothes,Farm,WoolCoat_BlueCheck
clothes,Farm,WoolCoat_BrownCheck
clothes,Farm,WoolCoat_Green
clothes,Farm,WoolCoat_GreyCheck
clothes,Farm,WoolCoat_Red
clothes,Farm,WoolCoat_RedCheck
clothes,Farm,WoolGlovesFingerless_White
clothes,Farm,WorkingBoots_Beige
clothes,Farm,WorkingBoots_Brown
clothes,Farm,WorkingBoots_Green
clothes,Farm,WorkingBoots_Grey
clothes,Farm,WorkingBoots_Yellow
clothes,Farm,WorkingGloves_Beige
clothes,Farm,WorkingGloves_Black
clothes,Farm,WorkingGloves_Brown
clothes,Farm,WorkingGloves_Yellow
clothes,Farm,ZmijovkaCap_Black
clothes,Farm,ZmijovkaCap_Blue
clothes,Farm,ZmijovkaCap_Brown
clothes,Farm,ZmijovkaCap_Green
clothes,Farm,ZmijovkaCap_Red
clothes,Firefighter,AirborneMask
clothes,Firefighter,BalaclavaMask_Pig
clothes,Firefighter,FirefighterJacket_Beige
clothes,Firefighter,FirefighterJacket_Black
clothes,Firefighter,FirefightersHelmet_Red
clothes,Firefighter,FirefightersHelmet_White
clothes,Firefighter,FirefightersHelmet_Yellow
clothes,Firefighter,FirefightersPants_Beige
clothes,Firefighter,FirefightersPants_Black
clothes,Firefighter,GasMask_Filter
clothes,Firefighter,NBCBootsYellow
clothes,Firefighter,NBCGlovesYellow
clothes,Firefighter,NBCHoodYellow
clothes,Firefighter,NBCJacketYellow
clothes,Firefighter,NBCPantsYellow
clothes,Hunting,Balaclava3Holes_Green
clothes,Hunting,BalaclavaMask_Green
clothes,Hunting,BalaclavaMask_Pig
clothes,Hunting,BaseballCap_Camo
clothes,Hunting,BoonieHat_DPM
clothes,Hunting,BoonieHat_Dubok
clothes,Hunting,BoonieHat_Flecktran
clothes,Hunting,BoonieHat_Winter
clothes,Hunting,Chainmail
clothes,Hunting,Chainmail_Coif
clothes,Hunting,Chainmail_Leggings
clothes,Hunting,ChestHolster
clothes,Hunting,Chestplate
clothes,Hunting,EyeMask_Black
clothes,Hunting,EyeMask_Blue
clothes,Hunting,EyeMask_Red
clothes,Hunting,EyeMask_Yellow
clothes,Hunting,GreatHelm
clothes,Hunting,HunterPants_Autumn
clothes,Hunting,HunterPants_Brown
clothes,Hunting,HunterPants_Spring
clothes,Hunting,HunterPants_Summer
clothes,Hunting,HunterPants_Winter
clothes,Hunting,HuntingJacket_Autumn
clothes,Hunting,HuntingJacket_Brown
clothes,Hunting,HuntingJacket_Spring
clothes,Hunting,HuntingJacket_Summer
clothes,Hunting,HuntingJacket_Winter
clothes,Hunting,HuntingVest
clothes,Hunting,HuntingVest_Winter
clothes,Hunting,MedievalBoots
clothes,Hunting,NorseHelm
clothes,Hunting,PaddedGloves_Threat
clothes,Hunting,SnowstormUshanka_Brown
clothes,Hunting,SnowstormUshanka_Olive
clothes,Hunting,Sweater_Green
clothes,Hunting,WinterCoif_Green
clothes,Industrial,BalaclavaMask_Beige
clothes,Industrial,BalaclavaMask_Black
clothes,Industrial,BalaclavaMask_Blue
clothes,Industrial,BalaclavaMask_Pig
clothes,Industrial,BalaclavaMask_Pink
clothes,Industrial,BalaclavaMask_White
clothes,Industrial,CargoPants_Beige
clothes,Industrial,CargoPants_Black
clothes,Industrial,CargoPants_Blue
clothes,Industrial,CargoPants_Green
clothes,Industrial,CargoPants_Grey
clothes,Industrial,ConstructionHelmet_Blue
clothes,Industrial,ConstructionHelmet_Lime
clothes,Industrial,ConstructionHelmet_Orange
clothes,Industrial,ConstructionHelmet_Red
clothes,Industrial,ConstructionHelmet_White
clothes,Industrial,ConstructionHelmet_Yellow
clothes,Industrial,DarkMotoHelmet_Black
clothes,Industrial,DarkMotoHelmet_Green
clothes,Industrial,DarkMotoHelmet_Grey
clothes,Industrial,DarkMotoHelmet_Lime
clothes,Industrial,DarkMotoHelmet_Red
clothes,Industrial,DarkMotoHelmet_White
clothes,Industrial,DarkMotoHelmet_Yellow
clothes,Industrial,JumpsuitJacket_Blue
clothes,Industrial,JumpsuitJacket_Gray
clothes,Industrial,JumpsuitJacket_Green
clothes,Industrial,JumpsuitJacket_Red
clothes,Industrial,JumpsuitPants_Blue
clothes,Industrial,JumpsuitPants_Green
clothes,Industrial,JumpsuitPants_Grey
clothes,Industrial,JumpsuitPants_Red
clothes,Industrial,MotoHelmet_Black
clothes,Industrial,MotoHelmet_Blue
clothes,Industrial,MotoHelmet_Green
clothes,Industrial,MotoHelmet_Grey
clothes,Industrial,MotoHelmet_Lime
clothes,Industrial,MotoHelmet_Red
clothes,Industrial,MotoHelmet_White
clothes,Industrial,MotoHelmet_Yellow
clothes,Industrial,NioshFaceMask
clothes,Industrial,RadarCap_Black
clothes,Industrial,RadarCap_Blue
clothes,Industrial,RadarCap_Brown
clothes,Industrial,RadarCap_Green
clothes,Industrial,RadarCap_Red
clothes,Industrial,ReflexVest
clothes,Industrial,WeldingMask
clothes,Industrial,WoolCoat_Beige
clothes,Industrial,WoolCoat_Black
clothes,Industrial,WoolCoat_BlackCheck
clothes,Industrial,WoolCoat_Blue
clothes,Industrial,WoolCoat_BlueCheck
clothes,Industrial,WoolCoat_BrownCheck
clothes,Industrial,WoolCoat_Green
clothes,Industrial,WoolCoat_GreyCheck
clothes,Industrial,WoolCoat_Red
clothes,Industrial,WoolCoat_RedCheck
clothes,Industrial,WorkingBoots_Beige
clothes,Industrial,WorkingBoots_Brown
clothes,Industrial,WorkingBoots_Green
clothes,Industrial,WorkingBoots_Grey
clothes,Industrial,WorkingBoots_Yellow
clothes,Industrial,WorkingGloves_Beige
clothes,Industrial,WorkingGloves_Black
clothes,Industrial,WorkingGloves_Brown
clothes,Industrial,WorkingGloves_Yellow
clothes,Industrial,ZmijovkaCap_Black
clothes,Industrial,ZmijovkaCap_Blue
clothes,Industrial,ZmijovkaCap_Brown
clothes,Industrial,ZmijovkaCap_Green
clothes,Industrial,ZmijovkaCap_Red
clothes,Lunapark,BalaclavaMask_Pig
clothes,Lunapark,ChristmasHeadband_Antlers
clothes,Lunapark,ChristmasHeadband_Gingerbread
clothes,Lunapark,ChristmasHeadband_Trees
clothes,Lunapark,MimeMask_Female
clothes,Lunapark,MimeMask_Male
clothes,Medic,AirborneMask
clothes,Medic,BalaclavaMask_Pig
clothes,Medic,GasMask_Filter
clothes,Medic,LabCoat
clothes,Medic,MedicalScrubsHat_Blue
clothes,Medic,MedicalScrubsHat_Green
clothes,Medic,MedicalScrubsHat_White
clothes,Medic,MedicalScrubsPants_Blue
clothes,Medic,MedicalScrubsPants_Green
clothes,Medic,MedicalScrubsPants_White
clothes,Medic,MedicalScrubsShirt_Blue
clothes,Medic,MedicalScrubsShirt_Green
clothes,Medic,MedicalScrubsShirt_White
clothes,Medic,NBCBootsGray
clothes,Medic,NBCBootsYellow
clothes,Medic,NBCGlovesYellow
clothes,Medic,NBCHoodGray
clothes,Medic,NBCHoodYellow
clothes,Medic,NBCJacketGray
clothes,Medic,NBCJacketYellow
clothes,Medic,NBCPantsGray
clothes,Medic,NBCPantsYellow
clothes,Medic,NioshFaceMask
clothes,Medic,NurseDress_Blue
clothes,Medic,NurseDress_White
clothes,Medic,ParamedicJacket_Blue
clothes,Medic,ParamedicJacket_Crimson
clothes,Medic,ParamedicJacket_Green
clothes,Medic,ParamedicPants_Blue
clothes,Medic,ParamedicPants_Crimson
clothes,Medic,ParamedicPants_Green
clothes,Medic,SurgicalGloves_Blue
clothes,Medic,SurgicalGloves_Green
clothes,Medic,SurgicalGloves_LightBlue
clothes,Medic,SurgicalGloves_White
clothes,Medic,SurgicalMask
clothes,Military,AviatorGlasses
clothes,Military,BDUJacket
clothes,Military,BDUPants
clothes,Military,Balaclava3Holes_Beige
clothes,Military,Balaclava3Holes_Black
clothes,Military,Balaclava3Holes_Green
clothes,Military,BalaclavaMask_BDU
clothes,Military,BalaclavaMask_Blackskull
clothes,Military,BalaclavaMask_Green
clothes,Military,BalaclavaMask_Pig
clothes,Military,BallisticHelmet_BDU
clothes,Military,BallisticHelmet_Black
clothes,Military,BallisticHelmet_Desert
clothes,Military,BallisticHelmet_Green
clothes,Military,BallisticHelmet_Navy
clothes,Military,BallisticHelmet_UN
clothes,Military,BallisticHelmet_Winter
clothes,Military,BallisticHelmet_Woodland
clothes,Military,BomberJacket_Olive
clothes,Military,BoonieHat_DPM
clothes,Military,BoonieHat_Dubok
clothes,Military,BoonieHat_Flecktran
clothes,Military,BoonieHat_NavyBlue
clothes,Military,CombatBoots_Beige
clothes,Military,CombatBoots_Black
clothes,Military,CombatBoots_Brown
clothes,Military,CombatBoots_Green
clothes,Military,CombatBoots_Grey
clothes,Military,GP5GasMask
clothes,Military,GasMask
clothes,Military,GhillieAtt_Woodland
clothes,Military,GhillieBushrag_Winter
clothes,Military,GhillieBushrag_Woodland
clothes,Military,GhillieHood_Winter
clothes,Military,GhillieHood_Woodland
clothes,Military,GhillieSuit_Winter
clothes,Military,GhillieSuit_Woodland
clothes,Military,GhillieTop_Winter
clothes,Military,GhillieTop_Woodland
clothes,Military,GorkaEJacket_Autumn
clothes,Military,GorkaEJacket_Flat
clothes,Military,GorkaEJacket_PautRev
clothes,Military,GorkaEJacket_Summer
clothes,Military,GorkaEJacket_Winter
clothes,Military,GorkaHelmet
clothes,Military,GorkaHelmetVisor
clothes,Military,GorkaPants_Autumn
clothes,Military,GorkaPants_Flat
clothes,Military,GorkaPants_PautRev
clothes,Military,GorkaPants_Summer
clothes,Military,GorkaPants_Winter
clothes,Military,HighCapacityVest_Black
clothes,Military,HighCapacityVest_Olive
clothes,Military,JungleBoots_Beige
clothes,Military,JungleBoots_Black
clothes,Military,JungleBoots_Brown
clothes,Military,JungleBoots_Green
clothes,Military,JungleBoots_Olive
clothes,Military,M65Jacket_Black
clothes,Military,M65Jacket_Khaki
clothes,Military,M65Jacket_Olive
clothes,Military,M65Jacket_Tan
clothes,Military,MilitaryBelt
clothes,Military,MilitaryBeret_CDF
clothes,Military,MilitaryBeret_ChDKZ
clothes,Military,MilitaryBeret_Red
clothes,Military,MilitaryBoots_Beige
clothes,Military,MilitaryBoots_Black
clothes,Military,MilitaryBoots_Brown
clothes,Military,OKZKCap_Beige
clothes,Military,OKZKCap_Green
clothes,Military,OMKJacket_Navy
clothes,Military,OMKPants_Navy
clothes,Military,OMNOGloves_Brown
clothes,Military,OMNOGloves_Gray
clothes,Military,OfficerHat
clothes,Military,PilotkaCap
clothes,Military,PlateCarrierHolster
clothes,Military,PlateCarrierHolster_Black
clothes,Military,PlateCarrierHolster_Green
clothes,Military,PlateCarrierPouches
clothes,Military,PlateCarrierPouches_Black
clothes,Military,PlateCarrierPouches_Green
clothes,Military,SmershVest
clothes,Military,Ssh68Helmet
clothes,Military,Sweater_Green
clothes,Military,TTSKOBoots
clothes,Military,TTSKOPants
clothes,Military,TTsKOJacket_Camo
clothes,Military,TacticalGloves_Beige
clothes,Military,TacticalGloves_Black
clothes,Military,TacticalGloves_Green
clothes,Military,TacticalGoggles
clothes,Military,TacticalShirt_Black
clothes,Military,TacticalShirt_Grey
clothes,Military,TacticalShirt_Olive
clothes,Military,TacticalShirt_Tan
clothes,Military,TankerHelmet
clothes,Military,UKAssVest_Black
clothes,Military,UKAssVest_Camo
clothes,Military,UKAssVest_Khaki
clothes,Military,UKAssVest_Olive
clothes,Military,UKAssVest_Winter
clothes,Military,USMCJacket_Desert
clothes,Military,USMCJacket_Woodland
clothes,Military,USMCPants_Desert
clothes,Military,USMCPants_Woodland
clothes,Military,WinterCoif_Skull
clothes,Military,WoolGlovesFingerless_Green
clothes,Military,WoolGloves_Green
clothes,Military,ZSh3PilotHelmet
clothes,Office,BalaclavaMask_Pig
clothes,Police,AviatorGlasses
clothes,Police,Balaclava3Holes_Beige
clothes,Police,Balaclava3Holes_Black
clothes,Police,BalaclavaMask_Black
clothes,Police,BushlatPoliceJacket_Blue
clothes,Police,ChestHolster
clothes,Police,OMNOGloves_Brown
clothes,Police,OMNOGloves_Gray
clothes,Police,PoliceCap
clothes,Police,PoliceJacket
clothes,Police,PoliceJacketOrel
clothes,Police,PolicePants
clothes,Police,PolicePantsOrel
clothes,Police,PoliceVest
clothes,Police,PressVest_Blue
clothes,Police,PressVest_LightBlue
clothes,Police,WoolGlovesFingerless_Black
clothes,Police,WoolGloves_Black
clothes,Prison,BushlatPoliceJacket_Blue
clothes,Prison,ChestHolster
clothes,Prison,PrisonUniformJacket
clothes,Prison,PrisonUniformPants
clothes,Prison,PrisonerCap
clothes,School,BalaclavaMask_Pig
clothes,SeasonalEvent,BalaclavaMask_Pig
clothes,SeasonalEvent,ChristmasHeadband_Antlers
clothes,SeasonalEvent,ChristmasHeadband_Gingerbread
clothes,SeasonalEvent,ChristmasHeadband_Trees
clothes,SeasonalEvent,EyeMask_Christmas
clothes,SeasonalEvent,EyeMask_Dead
clothes,SeasonalEvent,EyeMask_NewYears
clothes,SeasonalEvent,EyeMask_Valentines
clothes,SeasonalEvent,MorozkoHat
clothes,SeasonalEvent,SantasBeard
clothes,SeasonalEvent,Tshirt_10thAnniversary
clothes,SeasonalEvent,WoolGlovesFingerless_ChristmasBlue
clothes,SeasonalEvent,WoolGlovesFingerless_ChristmasRed
clothes,SeasonalEvent,WoolGloves_ChristmasBlue
clothes,SeasonalEvent,WoolGloves_ChristmasRed
clothes,Special,BalaclavaMask_Pig
clothes,Special,Mich2001Helmet
clothes,Special,MilitaryBeret_NZ
clothes,Special,MilitaryBeret_UN
clothes,Special,NBCBootsWhite
clothes,Special,NBCGlovesGray
clothes,Special,NBCHoodWhite
clothes,Special,NBCJacketWhite
clothes,Special,NBCPantsWhite
clothes,Special,TacticalShirt_Black
clothes,Special,TacticalShirt_Olive
clothes,Town,AviatorGlasses
clothes,Town,Balaclava3Holes_Beige
clothes,Town,Balaclava3Holes_Black
clothes,Town,Balaclava3Holes_Blue
clothes,Town,Balaclava3Holes_Green
clothes,Town,Balaclava3Holes_White
clothes,Town,BalaclavaMask_Beige
clothes,Town,BalaclavaMask_Black
clothes,Town,BalaclavaMask_Blue
clothes,Town,BalaclavaMask_Pig
clothes,Town,Blouse_Blue
clothes,Town,Blouse_Green
clothes,Town,Blouse_Violet
clothes,Town,Blouse_White
clothes,Town,BudenovkaHat_Gray
clothes,Town,DenimJacket
clothes,Town,DownJacket_Blue
clothes,Town,DownJacket_Green
clothes,Town,DownJacket_Orange
clothes,Town,DownJacket_Red
clothes,Town,DressShoes_Beige
clothes,Town,DressShoes_Black
clothes,Town,DressShoes_Brown
clothes,Town,DressShoes_Sunburst
clothes,Town,DressShoes_White
clothes,Town,FlatCap_Black
clothes,Town,FlatCap_BlackCheck
clothes,Town,FlatCap_Blue
clothes,Town,FlatCap_Brown
clothes,Town,FlatCap_BrownCheck
clothes,Town,FlatCap_Grey
clothes,Town,FlatCap_GreyCheck
clothes,Town,FlatCap_Red
clothes,Town,HockeyHelmet_Black
clothes,Town,HockeyHelmet_Blue
clothes,Town,HockeyHelmet_Red
clothes,Town,HockeyHelmet_White
clothes,Town,HockeyMask
clothes,Town,ManSuit_Beige
clothes,Town,ManSuit_Black
clothes,Town,ManSuit_Blue
clothes,Town,ManSuit_Brown
clothes,Town,ManSuit_DarkGrey
clothes,Town,ManSuit_Khaki
clothes,Town,ManSuit_LightGrey
clothes,Town,ManSuit_White
clothes,Town,MilitaryBoots_Bluerock
clothes,Town,MilitaryBoots_Redpunk
clothes,Town,MiniDress_BlueChecker
clothes,Town,MiniDress_BlueWithDots
clothes,Town,MiniDress_BrownChecker
clothes,Town,MiniDress_GreenChecker
clothes,Town,MiniDress_Pink
clothes,Town,MiniDress_PinkChecker
clothes,Town,MiniDress_RedChecker
clothes,Town,MiniDress_WhiteChecker
clothes,Town,RidersJacket_Black
clothes,Town,SantasBeard
clothes,Town,SantasHat
clothes,Town,SherpaHat_Black
clothes,Town,SherpaHat_Blue
clothes,Town,SherpaHat_Red
clothes,Town,Shirt_BlueCheck
clothes,Town,Shirt_BlueCheckBright
clothes,Town,Shirt_GreenCheck
clothes,Town,Shirt_PlaneBlack
clothes,Town,Shirt_RedCheck
clothes,Town,Shirt_WhiteCheck
clothes,Town,SkiGloves_90s
clothes,Town,SkiGloves_Blue
clothes,Town,SkiGloves_Red
clothes,Town,SkiGoggles_BlackYellow
clothes,Town,SkiGoggles_WhiteClear
clothes,Town,SkiGoggles_WhiteDark
clothes,Town,Skirt_Blue
clothes,Town,Skirt_Red
clothes,Town,Skirt_White
clothes,Town,Skirt_Yellow
clothes,Town,SlacksPants_Beige
clothes,Town,SlacksPants_Black
clothes,Town,SlacksPants_Blue
clothes,Town,SlacksPants_Brown
clothes,Town,SlacksPants_DarkGrey
clothes,Town,SlacksPants_Khaki
clothes,Town,SlacksPants_LightGrey
clothes,Town,SlacksPants_White
clothes,Town,Sneakers_Green
clothes,Town,Sneakers_Red
clothes,Town,Sneakers_White
clothes,Town,SnowstormUshanka_Navy
clothes,Town,SnowstormUshanka_White
clothes,Town,TelnyashkaShirt
clothes,Town,WomanSuit_Beige
clothes,Town,WomanSuit_Black
clothes,Town,WomanSuit_Blue
clothes,Town,WomanSuit_Brown
clothes,Town,WomanSuit_DarkGrey
clothes,Town,WomanSuit_Khaki
clothes,Town,WomanSuit_LightGrey
clothes,Town,WomanSuit_White
clothes,Town,WoolGloves_White
clothes,Underground,BalaclavaMask_Pig
clothes,Underground,PlateCarrierVest_Winter
clothes,Village,AthleticShoes_Black
clothes,Village,AthleticShoes_Blue
clothes,Village,AthleticShoes_Brown
clothes,Village,AthleticShoes_Green
clothes,Village,AthleticShoes_Grey
clothes,Village,Balaclava3Holes_Beige
clothes,Village,Balaclava3Holes_Black
clothes,Village,Balaclava3Holes_Blue
clothes,Village,Balaclava3Holes_Green
clothes,Village,Balaclava3Holes_White
clothes,Village,BalaclavaMask_Beige
clothes,Village,BalaclavaMask_Black
clothes,Village,BalaclavaMask_Blue
clothes,Village,BalaclavaMask_Pig
clothes,Village,BalaclavaMask_Pink
clothes,Village,BalaclavaMask_White
clothes,Village,Bandana_Blackpattern
clothes,Village,Bandana_Camopattern
clothes,Village,Bandana_Greenpattern
clothes,Village,Bandana_Polkapattern
clothes,Village,Bandana_Redpattern
clothes,Village,BaseballCap_Beige
clothes,Village,BaseballCap_Black
clothes,Village,BaseballCap_Blue
clothes,Village,BaseballCap_CMMG_Black
clothes,Village,BaseballCap_CMMG_Pink
clothes,Village,BaseballCap_Olive
clothes,Village,BaseballCap_Pink
clothes,Village,BaseballCap_Red
clothes,Village,BeanieHat_Beige
clothes,Village,BeanieHat_Black
clothes,Village,BeanieHat_Blue
clothes,Village,BeanieHat_Brown
clothes,Village,BeanieHat_Green
clothes,Village,BeanieHat_Grey
clothes,Village,BeanieHat_Pink
clothes,Village,BeanieHat_Red
clothes,Village,BomberJacket_Black
clothes,Village,BomberJacket_Blue
clothes,Village,BomberJacket_Brown
clothes,Village,BomberJacket_Grey
clothes,Village,BomberJacket_Maroon
clothes,Village,BomberJacket_SkyBlue
clothes,Village,BoonieHat_Black
clothes,Village,BoonieHat_Blue
clothes,Village,BoonieHat_Olive
clothes,Village,BoonieHat_Orange
clothes,Village,BoonieHat_Red
clothes,Village,BoonieHat_Tan
clothes,Village,Breeches_Beetcheck
clothes,Village,Breeches_Beige
clothes,Village,Breeches_Black
clothes,Village,Breeches_Blackcheck
clothes,Village,Breeches_Blue
clothes,Village,Breeches_Browncheck
clothes,Village,Breeches_Green
clothes,Village,Breeches_Pink
clothes,Village,Breeches_Red
clothes,Village,Breeches_White
clothes,Village,BudenovkaHat_Gray
clothes,Village,CanvasPantsMidi_Beige
clothes,Village,CanvasPantsMidi_Blue
clothes,Village,CanvasPantsMidi_Grey
clothes,Village,CanvasPantsMidi_Red
clothes,Village,CanvasPantsMidi_Violet
clothes,Village,CanvasPants_Beige
clothes,Village,CanvasPants_Blue
clothes,Village,CanvasPants_Grey
clothes,Village,CanvasPants_Red
clothes,Village,CanvasPants_Violet
clothes,Village,ChernarusSportShirt
clothes,Village,CivilianBelt
clothes,Village,CowboyHat_Brown
clothes,Village,CowboyHat_black
clothes,Village,CowboyHat_darkBrown
clothes,Village,CowboyHat_green
clothes,Village,DarkMotoHelmet_Black
clothes,Village,DarkMotoHelmet_Blue
clothes,Village,DarkMotoHelmet_Green
clothes,Village,DarkMotoHelmet_Grey
clothes,Village,DarkMotoHelmet_Lime
clothes,Village,DarkMotoHelmet_Red
clothes,Village,DarkMotoHelmet_White
clothes,Village,DarkMotoHelmet_Yellow
clothes,Village,DenimJacket
clothes,Village,DesignerGlasses
clothes,Village,DirtBikeHelmet_Black
clothes,Village,DirtBikeHelmet_Blue
clothes,Village,DirtBikeHelmet_Chernarus
clothes,Village,DirtBikeHelmet_Green
clothes,Village,DirtBikeHelmet_Khaki
clothes,Village,DirtBikeHelmet_Mouthguard
clothes,Village,DirtBikeHelmet_Police
clothes,Village,DirtBikeHelmet_Red
clothes,Village,DirtBikeHelmet_Visor
clothes,Village,DownJacket_Blue
clothes,Village,DownJacket_Green
clothes,Village,DownJacket_Orange
clothes,Village,DownJacket_Red
clothes,Village,HikingBootsLow_Beige
clothes,Village,HikingBootsLow_Black
clothes,Village,HikingBootsLow_Blue
clothes,Village,HikingBootsLow_Grey
clothes,Village,HikingBoots_Black
clothes,Village,HikingBoots_Brown
clothes,Village,HikingJacket_Black
clothes,Village,HikingJacket_Blue
clothes,Village,HikingJacket_Green
clothes,Village,HikingJacket_Red
clothes,Village,HockeyHelmet_Black
clothes,Village,HockeyHelmet_Blue
clothes,Village,HockeyHelmet_Red
clothes,Village,HockeyHelmet_White
clothes,Village,HockeyMask
clothes,Village,Hoodie_Black
clothes,Village,Hoodie_Blue
clothes,Village,Hoodie_Brown
clothes,Village,Hoodie_Green
clothes,Village,Hoodie_Red
clothes,Village,Jeans_Black
clothes,Village,Jeans_Blue
clothes,Village,Jeans_BlueDark
clothes,Village,Jeans_Brown
clothes,Village,Jeans_Green
clothes,Village,Jeans_Grey
clothes,Village,JoggingShoes_Black
clothes,Village,JoggingShoes_Blue
clothes,Village,JoggingShoes_Red
clothes,Village,JoggingShoes_Violet
clothes,Village,JoggingShoes_White
clothes,Village,MotoHelmet_Black
clothes,Village,MotoHelmet_Blue
clothes,Village,MotoHelmet_Green
clothes,Village,MotoHelmet_Grey
clothes,Village,MotoHelmet_Lime
clothes,Village,MotoHelmet_Red
clothes,Village,MotoHelmet_White
clothes,Village,MotoHelmet_Yellow
clothes,Village,PaddedGloves_Beige
clothes,Village,PaddedGloves_Brown
clothes,Village,PetushokHat_Black
clothes,Village,PetushokHat_Green
clothes,Village,PetushokHat_Yellow
clothes,Village,QuiltedJacket_Black
clothes,Village,QuiltedJacket_Blue
clothes,Village,QuiltedJacket_Green
clothes,Village,QuiltedJacket_Grey
clothes,Village,QuiltedJacket_Orange
clothes,Village,QuiltedJacket_Red
clothes,Village,QuiltedJacket_Violet
clothes,Village,QuiltedJacket_Yellow
clothes,Village,RidersJacket_Black
clothes,Village,SantasBeard
clothes,Village,SherpaHat_Black
clothes,Village,SherpaHat_Blue
clothes,Village,SherpaHat_Red
clothes,Village,Shirt_BlueCheck
clothes,Village,Shirt_BlueCheckBright
clothes,Village,Shirt_GreenCheck
clothes,Village,Shirt_PlaneBlack
clothes,Village,Shirt_RedCheck
clothes,Village,Shirt_WhiteCheck
clothes,Village,ShortJeans_Black
clothes,Village,ShortJeans_Blue
clothes,Village,ShortJeans_Brown
clothes,Village,ShortJeans_Darkblue
clothes,Village,ShortJeans_Green
clothes,Village,ShortJeans_Red
clothes,Village,SkateHelmet_Black
clothes,Village,SkateHelmet_Blue
clothes,Village,SkateHelmet_Gray
clothes,Village,SkateHelmet_Green
clothes,Village,SkateHelmet_Red
clothes,Village,SkiGloves_90s
clothes,Village,SkiGloves_Blue
clothes,Village,SkiGloves_Red
clothes,Village,SkiGoggles_BlackYellow
clothes,Village,SkiGoggles_WhiteClear
clothes,Village,SkiGoggles_WhiteDark
clothes,Village,Sneakers_Black
clothes,Village,Sneakers_Gray
clothes,Village,Sneakers_Green
clothes,Village,Sneakers_Red
clothes,Village,Sneakers_White
clothes,Village,SnowstormUshanka_Navy
clothes,Village,SnowstormUshanka_White
clothes,Village,SportGlasses_Black
clothes,Village,SportGlasses_Blue
clothes,Village,SportGlasses_Green
clothes,Village,SportGlasses_Orange
clothes,Village,Sweater_Blue
clothes,Village,Sweater_Gray
clothes,Village,Sweater_Red
clothes,Village,TShirt_Beige
clothes,Village,TShirt_Black
clothes,Village,TShirt_Blue
clothes,Village,TShirt_Green
clothes,Village,TShirt_Grey
clothes,Village,TShirt_OrangeWhiteStripes
clothes,Village,TShirt_Red
clothes,Village,TShirt_RedBlackStripes
clothes,Village,TShirt_White
clothes,Village,ThickFramesGlasses
clothes,Village,ThinFramesGlasses
clothes,Village,TrackSuitJacket_Black
clothes,Village,TrackSuitJacket_Blue
clothes,Village,TrackSuitJacket_Green
clothes,Village,TrackSuitJacket_LightBlue
clothes,Village,TrackSuitJacket_Red
clothes,Village,TrackSuitPants_Black
clothes,Village,TrackSuitPants_Blue
clothes,Village,TrackSuitPants_Green
clothes,Village,TrackSuitPants_LightBlue
clothes,Village,TrackSuitPants_Red
clothes,Village,Ushanka_Black
clothes,Village,Ushanka_Blue
clothes,Village,Ushanka_Green
clothes,Village,Wellies_Black
clothes,Village,Wellies_Brown
clothes,Village,Wellies_Green
clothes,Village,Wellies_Grey
clothes,Village,WinterCoif_Black
clothes,Village,WinterCoif_Blue
clothes,Village,WoolCoat_Beige
clothes,Village,WoolCoat_Black
clothes,Village,WoolCoat_BlackCheck
clothes,Village,WoolCoat_Blue
clothes,Village,WoolCoat_BlueCheck
clothes,Village,WoolCoat_BrownCheck
clothes,Village,WoolCoat_Green
clothes,Village,WoolCoat_GreyCheck
clothes,Village,WoolCoat_Red
clothes,Village,WoolCoat_RedCheck
clothes,Village,WoolGlovesFingerless_Tan
clothes,Village,WoolGloves_Tan
clothes,Village,WorkingBoots_Beige
clothes,Village,WorkingBoots_Brown
clothes,Village,WorkingBoots_Green
clothes,Village,WorkingBoots_Grey
clothes,Village,WorkingBoots_Yellow
clothes,Village,ZmijovkaCap_Black
clothes,Village,ZmijovkaCap_Blue
clothes,Village,ZmijovkaCap_Brown
clothes,Village,ZmijovkaCap_Green
clothes,Village,ZmijovkaCap_Red
containers,,HuntingBag_Hannah
containers,Coast,DryBag_Black
containers,Coast,DryBag_Blue
containers,Coast,DryBag_Green
containers,Coast,DryBag_Orange
containers,Coast,DryBag_Red
containers,Coast,DryBag_Yellow
containers,Coast,SeaChest
containers,Coast,WaterproofBag_Green
containers,Coast,WaterproofBag_Orange
containers,Coast,WaterproofBag_Yellow
containers,Farm,Barrel_Blue
containers,Farm,Barrel_Green
containers,Farm,Barrel_Red
containers,Farm,Barrel_Yellow
containers,Farm,SeaChest
containers,Hunting,ArmyPouch_Beige
containers,Hunting,ArmyPouch_Green
containers,Hunting,DryBag_Black
containers,Hunting,DryBag_Blue
containers,Hunting,DryBag_Green
containers,Hunting,DryBag_Orange
containers,Hunting,DryBag_Red
containers,Hunting,DryBag_Yellow
containers,Hunting,HipPack_Green
containers,Hunting,HuntingBag
containers,Hunting,MediumTent_Green
containers,Industrial,Barrel_Blue
containers,Industrial,Barrel_Green
containers,Industrial,Barrel_Red
containers,Industrial,Barrel_Yellow
containers,Industrial,CarTent
containers,Industrial,SeaChest
containers,Industrial,SmallProtectorCase
containers,Lunapark,PartyTent_Lunapark
containers,Medic,CanvasBag_Medical
containers,Medic,FirstAidKit
containers,Medic,HipPack_Medical
containers,Military,AliceBag_Black
containers,Military,AliceBag_Camo
containers,Military,AliceBag_Green
containers,Military,ArmyPouch_Black
containers,Military,ArmyPouch_Camo
containers,Military,AssaultBag_Black
containers,Military,AssaultBag_Green
containers,Military,AssaultBag_Ttsko
containers,Military,AssaultBag_Winter
containers,Military,CoyoteBag_Brown
containers,Military,CoyoteBag_Green
containers,Military,CoyoteBag_Winter
containers,Military,DuffelBagSmall_Camo
containers,Military,DuffelBagSmall_Medical
containers,Military,LargeTent
containers,Military,PlateCarrierPouches_Winter
containers,Military,SmershBag
containers,Military,TortillaBag
containers,Military,TortillaBag_Winter
containers,SeasonalEvent,AnniversaryBox
containers,SeasonalEvent,GiftBox_Large_1
containers,SeasonalEvent,GiftBox_Large_2
containers,SeasonalEvent,GiftBox_Large_3
containers,SeasonalEvent,GiftBox_Large_4
containers,SeasonalEvent,GiftBox_Medium_1
containers,SeasonalEvent,GiftBox_Medium_2
containers,SeasonalEvent,GiftBox_Medium_3
containers,SeasonalEvent,GiftBox_Medium_4
containers,SeasonalEvent,GiftBox_Small_1
containers,SeasonalEvent,GiftBox_Small_2
containers,SeasonalEvent,GiftBox_Small_3
containers,SeasonalEvent,GiftBox_Small_4
containers,Town,DuffelBagSmall_Green
containers,Town,GiftBox_Large_1
containers,Town,GiftBox_Large_2
containers,Town,GiftBox_Large_3
containers,Town,GiftBox_Large_4
containers,Town,GiftBox_Medium_1
containers,Town,GiftBox_Medium_2
containers,Town,GiftBox_Medium_3
containers,Town,GiftBox_Medium_4
containers,Town,GiftBox_Small_1
containers,Town,GiftBox_Small_2
containers,Town,GiftBox_Small_3
containers,Town,GiftBox_Small_4
containers,Town,MediumTent
containers,Town,MediumTent_Orange
containers,Town,PartyTent
containers,Town,PartyTent_Blue
containers,Town,PartyTent_Brown
containers,Town,PartyTent_Lunapark
containers,Town,Slingbag_Black
containers,Town,Slingbag_Brown
containers,Town,Slingbag_Gray
containers,Underground,AmmoBox
containers,Village,Bear_Beige
containers,Village,Bear_Dark
containers,Village,Bear_Pink
containers,Village,Bear_White
containers,Village,CanvasBag_Olive
containers,Village,ChildBag_Blue
containers,Village,ChildBag_Green
containers,Village,ChildBag_Red
containers,Village,GiftBox_Large_1
containers,Village,GiftBox_Large_2
containers,Village,GiftBox_Large_3
containers,Village,GiftBox_Large_4
containers,Village,GiftBox_Medium_1
containers,Village,GiftBox_Medium_2
containers,Village,GiftBox_Medium_3
containers,Village,GiftBox_Medium_4
containers,Village,GiftBox_Small_1
containers,Village,GiftBox_Small_2
containers,Village,GiftBox_Small_3
containers,Village,GiftBox_Small_4
containers,Village,HipPack_Black
containers,Village,HipPack_Party
containers,Village,MediumTent
containers,Village,MediumTent_Green
containers,Village,MediumTent_Orange
containers,Village,MountainBag_Blue
containers,Village,MountainBag_Green
containers,Village,MountainBag_Orange
containers,Village,MountainBag_Red
containers,Village,PartyTent
containers,Village,PartyTent_Blue
containers,Village,PartyTent_Brown
containers,Village,TaloonBag_Blue
containers,Village,TaloonBag_Green
containers,Village,TaloonBag_Orange
containers,Village,TaloonBag_Violet
explosives,Industrial,Plastic_Explosive
explosives,Military,ClaymoreMine
explosives,Military,FlashGrenade
explosives,Military,Grenade_ChemGas
explosives,Military,LandMineTrap
explosives,Military,M18SmokeGrenade_Green
explosives,Military,M18SmokeGrenade_Purple
explosives,Military,M18SmokeGrenade_Red
explosives,Military,M18SmokeGrenade_White
explosives,Military,M18SmokeGrenade_Yellow
explosives,Military,M67Grenade
explosives,Military,RDG2SmokeGrenade_Black
explosives,Military,RDG2SmokeGrenade_White
explosives,Military,RGD5Grenade
explosives,Police,RDG2SmokeGrenade_Black
explosives,Police,RDG2SmokeGrenade_White
food,Farm,Bone
food,Farm,GreenBellPepper
food,Farm,Honey
food,Farm,PepperSeedsPack
food,Farm,PotatoSeed
food,Farm,PumpkinSeedsPack
food,Farm,SodaCan_Cola
food,Farm,SodaCan_Fronta
food,Farm,SodaCan_Kvass
food,Farm,SodaCan_Pipsi
food,Farm,SodaCan_Spite
food,Farm,Tomato
food,Farm,TomatoSeedsPack
food,Farm,Zucchini
food,Farm,ZucchiniSeedsPack
food,Hunting,CrabCan
food,Hunting,CrabCan_Opened
food,Hunting,Lunchmeat
food,Hunting,Zagorky
food,Hunting,ZagorkyChocolate
food,Hunting,ZagorkyPeanuts
food,Lunapark,CatFoodCan
food,Lunapark,Chips
food,Lunapark,Crackers
food,Lunapark,DogFoodCan
food,Lunapark,Honey
food,Lunapark,ZagorkyPeanuts
food,Military,Canteen
food,Military,TacticalBaconCan
food,Office,Pajka
food,Office,Pate
food,Office,PorkCan
food,Office,SpaghettiCan
food,Office,TunaCan
food,Office,UnknownFoodCan
food,Office,Zagorky
food,Office,ZagorkyPeanuts
food,Prison,UnknownFoodCan
food,School,BrisketSpread
food,School,Chips
food,School,Crackers
food,School,Honey
food,School,Lunchmeat
food,School,Marmalade
food,School,Pajka
food,School,Pate
food,School,PeachesCan
food,School,PorkCan
food,School,PowderedMilk
food,School,SaltySticks
food,School,Zagorky
food,School,ZagorkyPeanuts
food,SeasonalEvent,Candycane_Green
food,SeasonalEvent,Candycane_Red
food,SeasonalEvent,Candycane_RedGreen
food,SeasonalEvent,Candycane_Yellow
food,Town,BakedBeansCan
food,Town,BoxCerealCrunchin
food,Town,BrisketSpread
food,Town,Candycane_Green
food,Town,Candycane_Red
food,Town,Candycane_RedGreen
food,Town,Candycane_Yellow
food,Town,CatFoodCan
food,Town,Chips
food,Town,CrabCan
food,Town,CrabCan_Opened
food,Town,Crackers
food,Town,DogFoodCan
food,Town,Honey
food,Town,Lunchmeat
food,Town,Marmalade
food,Town,Pajka
food,Town,Pate
food,Town,PeachesCan
food,Town,PorkCan
food,Town,PowderedMilk
food,Town,Rice
food,Town,SaltySticks
food,Town,SardinesCan
food,Town,SodaCan_Cola
food,Town,SodaCan_Fronta
food,Town,SodaCan_Kvass
food,Town,SodaCan_Pipsi
food,Town,SodaCan_Spite
food,Town,SpaghettiCan
food,Town,TunaCan
food,Town,UnknownFoodCan
food,Town,Zagorky
food,Village,BakedBeansCan
food,Village,BoxCerealCrunchin
food,Village,BrisketSpread
food,Village,Candycane_Green
food,Village,Candycane_Red
food,Village,Candycane_RedGreen
food,Village,Candycane_Yellow
food,Village,CatFoodCan
food,Village,ChickenFeather
food,Village,Chips
food,Village,CrabCan
food,Village,CrabCan_Opened
food,Village,Crackers
food,Village,DogFoodCan
food,Village,Honey
food,Village,Lunchmeat
food,Village,Marmalade
food,Village,Pajka
food,Village,Pate
food,Village,PeachesCan
food,Village,PorkCan
food,Village,PowderedMilk
food,Village,SaltySticks
food,Village,SardinesCan
food,Village,SodaCan_Cola
food,Village,SodaCan_Fronta
food,Village,SodaCan_Kvass
food,Village,SodaCan_Pipsi
food,Village,SodaCan_Spite
food,Village,SpaghettiCan
food,Village,TunaCan
food,Village,UnknownFoodCan
food,Village,Zagorky
lootdispatch,,Offroad_02_Hood
lootdispatch,Farm,Truck_01_Door_1_1
lootdispatch,Farm,Truck_01_Door_1_1_Blue
lootdispatch,Farm,Truck_01_Door_1_1_BlueRust
lootdispatch,Farm,Truck_01_Door_1_1_GreenRust
lootdispatch,Farm,Truck_01_Door_1_1_Orange
lootdispatch,Farm,Truck_01_Door_1_1_OrangeRust
lootdispatch,Farm,Truck_01_Door_2_1
lootdispatch,Farm,Truck_01_Door_2_1_Blue
lootdispatch,Farm,Truck_01_Door_2_1_BlueRust
lootdispatch,Farm,Truck_01_Door_2_1_GreenRust
lootdispatch,Farm,Truck_01_Door_2_1_Orange
lootdispatch,Farm,Truck_01_Door_2_1_OrangeRust
lootdispatch,Farm,Truck_01_Hood
lootdispatch,Farm,Truck_01_Hood_Blue
lootdispatch,Farm,Truck_01_Hood_BlueRust
lootdispatch,Farm,Truck_01_Hood_GreenRust
lootdispatch,Farm,Truck_01_Hood_Orange
lootdispatch,Farm,Truck_01_Hood_OrangeRust
lootdispatch,Farm,Truck_01_Wheel
lootdispatch,Farm,Truck_01_WheelDouble
lootdispatch,Industrial,CivSedanDoors_BackLeft
lootdispatch,Industrial,CivSedanDoors_BackLeft_Black
lootdispatch,Industrial,CivSedanDoors_BackLeft_BlackRust
lootdispatch,Industrial,CivSedanDoors_BackLeft_WhiteRust
lootdispatch,Industrial,CivSedanDoors_BackLeft_Wine
lootdispatch,Industrial,CivSedanDoors_BackLeft_WineRust
lootdispatch,Industrial,CivSedanDoors_BackRight
lootdispatch,Industrial,CivSedanDoors_BackRight_Black
lootdispatch,Industrial,CivSedanDoors_BackRight_BlackRust
lootdispatch,Industrial,CivSedanDoors_BackRight_WhiteRust
lootdispatch,Industrial,CivSedanDoors_BackRight_Wine
lootdispatch,Industrial,CivSedanDoors_BackRight_WineRust
lootdispatch,Industrial,CivSedanDoors_CoDriver
lootdispatch,Industrial,CivSedanDoors_CoDriver_Black
lootdispatch,Industrial,CivSedanDoors_CoDriver_BlackRust
lootdispatch,Industrial,CivSedanDoors_CoDriver_WhiteRust
lootdispatch,Industrial,CivSedanDoors_CoDriver_Wine
lootdispatch,Industrial,CivSedanDoors_CoDriver_WineRust
lootdispatch,Industrial,CivSedanDoors_Driver
lootdispatch,Industrial,CivSedanDoors_Driver_Black
lootdispatch,Industrial,CivSedanDoors_Driver_BlackRust
lootdispatch,Industrial,CivSedanDoors_Driver_WhiteRust
lootdispatch,Industrial,CivSedanDoors_Driver_Wine
lootdispatch,Industrial,CivSedanDoors_Driver_WineRust
lootdispatch,Industrial,CivSedanHood
lootdispatch,Industrial,CivSedanHood_Black
lootdispatch,Industrial,CivSedanHood_BlackRust
lootdispatch,Industrial,CivSedanHood_WhiteRust
lootdispatch,Industrial,CivSedanHood_Wine
lootdispatch,Industrial,CivSedanHood_WineRust
lootdispatch,Industrial,CivSedanTrunk
lootdispatch,Industrial,CivSedanTrunk_Black
lootdispatch,Industrial,CivSedanTrunk_BlackRust
lootdispatch,Industrial,CivSedanTrunk_WhiteRust
lootdispatch,Industrial,CivSedanTrunk_Wine
lootdispatch,Industrial,CivSedanTrunk_WineRust
lootdispatch,Industrial,CivSedanWheel
lootdispatch,Industrial,HatchbackDoors_CoDriver
lootdispatch,Industrial,HatchbackDoors_CoDriver_Blue
lootdispatch,Industrial,HatchbackDoors_CoDriver_BlueRust
lootdispatch,Industrial,HatchbackDoors_CoDriver_GreenRust
lootdispatch,Industrial,HatchbackDoors_CoDriver_White
lootdispatch,Industrial,HatchbackDoors_CoDriver_WhiteRust
lootdispatch,Industrial,HatchbackDoors_Driver
lootdispatch,Industrial,HatchbackDoors_Driver_Blue
lootdispatch,Industrial,HatchbackDoors_Driver_BlueRust
lootdispatch,Industrial,HatchbackDoors_Driver_GreenRust
lootdispatch,Industrial,HatchbackDoors_Driver_White
lootdispatch,Industrial,HatchbackDoors_Driver_WhiteRust
lootdispatch,Industrial,HatchbackHood
lootdispatch,Industrial,HatchbackHood_Blue
lootdispatch,Industrial,HatchbackHood_BlueRust
lootdispatch,Industrial,HatchbackHood_GreenRust
lootdispatch,Industrial,HatchbackHood_White
lootdispatch,Industrial,HatchbackHood_WhiteRust
lootdispatch,Industrial,HatchbackTrunk
lootdispatch,Industrial,HatchbackTrunk_Blue
lootdispatch,Industrial,HatchbackTrunk_BlueRust
lootdispatch,Industrial,HatchbackTrunk_GreenRust
lootdispatch,Industrial,HatchbackTrunk_White
lootdispatch,Industrial,HatchbackTrunk_WhiteRust
lootdispatch,Industrial,HatchbackWheel
lootdispatch,Industrial,Hatchback_02_Door_1_1
lootdispatch,Industrial,Hatchback_02_Door_1_1_Black
lootdispatch,Industrial,Hatchback_02_Door_1_1_BlackRust
lootdispatch,Industrial,Hatchback_02_Door_1_1_Blue
lootdispatch,Industrial,Hatchback_02_Door_1_1_BlueRust
lootdispatch,Industrial,Hatchback_02_Door_1_1_RedRust
lootdispatch,Industrial,Hatchback_02_Door_1_2
lootdispatch,Industrial,Hatchback_02_Door_1_2_Black
lootdispatch,Industrial,Hatchback_02_Door_1_2_BlackRust
lootdispatch,Industrial,Hatchback_02_Door_1_2_Blue
lootdispatch,Industrial,Hatchback_02_Door_1_2_BlueRust
lootdispatch,Industrial,Hatchback_02_Door_1_2_RedRust
lootdispatch,Industrial,Hatchback_02_Door_2_1
lootdispatch,Industrial,Hatchback_02_Door_2_1_Black
lootdispatch,Industrial,Hatchback_02_Door_2_1_BlackRust
lootdispatch,Industrial,Hatchback_02_Door_2_1_Blue
lootdispatch,Industrial,Hatchback_02_Door_2_1_BlueRust
lootdispatch,Industrial,Hatchback_02_Door_2_1_RedRust
lootdispatch,Industrial,Hatchback_02_Door_2_2
lootdispatch,Industrial,Hatchback_02_Door_2_2_Black
lootdispatch,Industrial,Hatchback_02_Door_2_2_BlackRust
lootdispatch,Industrial,Hatchback_02_Door_2_2_Blue
lootdispatch,Industrial,Hatchback_02_Door_2_2_BlueRust
lootdispatch,Industrial,Hatchback_02_Door_2_2_RedRust
lootdispatch,Industrial,Hatchback_02_Hood
lootdispatch,Industrial,Hatchback_02_Hood_Black
lootdispatch,Industrial,Hatchback_02_Hood_BlackRust
lootdispatch,Industrial,Hatchback_02_Hood_Blue
lootdispatch,Industrial,Hatchback_02_Hood_BlueRust
lootdispatch,Industrial,Hatchback_02_Hood_RedRust
lootdispatch,Industrial,Hatchback_02_Trunk
lootdispatch,Industrial,Hatchback_02_Trunk_Black
lootdispatch,Industrial,Hatchback_02_Trunk_BlackRust
lootdispatch,Industrial,Hatchback_02_Trunk_Blue
lootdispatch,Industrial,Hatchback_02_Trunk_BlueRust
lootdispatch,Industrial,Hatchback_02_Trunk_RedRust
lootdispatch,Industrial,Hatchback_02_Wheel
lootdispatch,Industrial,Offroad_02_Wheel
lootdispatch,Industrial,Sedan_02_Door_1_1
lootdispatch,Industrial,Sedan_02_Door_1_1_Grey
lootdispatch,Industrial,Sedan_02_Door_1_1_GreyRust
lootdispatch,Industrial,Sedan_02_Door_1_1_Red
lootdispatch,Industrial,Sedan_02_Door_1_1_RedRust
lootdispatch,Industrial,Sedan_02_Door_1_1_YellowRust
lootdispatch,Industrial,Sedan_02_Door_1_2
lootdispatch,Industrial,Sedan_02_Door_1_2_Grey
lootdispatch,Industrial,Sedan_02_Door_1_2_GreyRust
lootdispatch,Industrial,Sedan_02_Door_1_2_Red
lootdispatch,Industrial,Sedan_02_Door_1_2_RedRust
lootdispatch,Industrial,Sedan_02_Door_1_2_YellowRust
lootdispatch,Industrial,Sedan_02_Door_2_1
lootdispatch,Industrial,Sedan_02_Door_2_1_Grey
lootdispatch,Industrial,Sedan_02_Door_2_1_GreyRust
lootdispatch,Industrial,Sedan_02_Door_2_1_Red
lootdispatch,Industrial,Sedan_02_Door_2_1_RedRust
lootdispatch,Industrial,Sedan_02_Door_2_1_YellowRust
lootdispatch,Industrial,Sedan_02_Door_2_2
lootdispatch,Industrial,Sedan_02_Door_2_2_Grey
lootdispatch,Industrial,Sedan_02_Door_2_2_GreyRust
lootdispatch,Industrial,Sedan_02_Door_2_2_Red
lootdispatch,Industrial,Sedan_02_Door_2_2_RedRust
lootdispatch,Industrial,Sedan_02_Door_2_2_YellowRust
lootdispatch,Industrial,Sedan_02_Hood
lootdispatch,Industrial,Sedan_02_Hood_Grey
lootdispatch,Industrial,Sedan_02_Hood_GreyRust
lootdispatch,Industrial,Sedan_02_Hood_Red
lootdispatch,Industrial,Sedan_02_Hood_RedRust
lootdispatch,Industrial,Sedan_02_Hood_YellowRust
lootdispatch,Industrial,Sedan_02_Trunk
lootdispatch,Industrial,Sedan_02_Trunk_Grey
lootdispatch,Industrial,Sedan_02_Trunk_GreyRust
lootdispatch,Industrial,Sedan_02_Trunk_Red
lootdispatch,Industrial,Sedan_02_Trunk_RedRust
lootdispatch,Industrial,Sedan_02_Trunk_YellowRust
lootdispatch,Industrial,Sedan_02_Wheel
lootdispatch,Industrial,Truck_01_Door_1_1
lootdispatch,Industrial,Truck_01_Door_1_1_Blue
lootdispatch,Industrial,Truck_01_Door_1_1_BlueRust
lootdispatch,Industrial,Truck_01_Door_1_1_GreenRust
lootdispatch,Industrial,Truck_01_Door_1_1_Orange
lootdispatch,Industrial,Truck_01_Door_1_1_OrangeRust
lootdispatch,Industrial,Truck_01_Door_2_1
lootdispatch,Industrial,Truck_01_Door_2_1_Blue
lootdispatch,Industrial,Truck_01_Door_2_1_BlueRust
lootdispatch,Industrial,Truck_01_Door_2_1_GreenRust
lootdispatch,Industrial,Truck_01_Door_2_1_Orange
lootdispatch,Industrial,Truck_01_Door_2_1_OrangeRust
lootdispatch,Industrial,Truck_01_Hood
lootdispatch,Industrial,Truck_01_Hood_Blue
lootdispatch,Industrial,Truck_01_Hood_BlueRust
lootdispatch,Industrial,Truck_01_Hood_GreenRust
lootdispatch,Industrial,Truck_01_Hood_Orange
lootdispatch,Industrial,Truck_01_Hood_OrangeRust
lootdispatch,Industrial,Truck_01_Wheel
lootdispatch,Industrial,Truck_01_WheelDouble
lootdispatch,Military,Offroad_02_Door_1_1
lootdispatch,Military,Offroad_02_Door_1_1_Rust
lootdispatch,Military,Offroad_02_Door_1_2
lootdispatch,Military,Offroad_02_Door_1_2_Rust
lootdispatch,Military,Offroad_02_Door_2_1
lootdispatch,Military,Offroad_02_Door_2_1_Rust
lootdispatch,Military,Offroad_02_Door_2_2
lootdispatch,Military,Offroad_02_Door_2_2_Rust
lootdispatch,Military,Offroad_02_Trunk
lootdispatch,Military,Offroad_02_Trunk_Rust
lootdispatch,Military,Offroad_02_Wheel
tools,,Anniversary_FireworksLauncher
tools,,Flag_CDF
tools,,Flag_CHEL
tools,,Flag_CMC
tools,,Flag_Chedaki
tools,,Flag_Chernarus
tools,,Flag_HunterZ
tools,,Flag_NAPA
tools,,Flag_Rooster
tools,,Flag_TEC
tools,,Flag_UEC
tools,,Flag_Wolf
tools,,Flag_Zenit
tools,,Flashlight
tools,,Heatpack
tools,,Matchbox
tools,,PetrolLighter
tools,,PunchedCard
tools,,WoodenHook
tools,Coast,FishingRod
tools,Coast,Hook
tools,Coast,Jig
tools,Coast,Netting
tools,Coast,Rope
tools,ContaminatedArea,ScientificBriefcaseKeys
tools,Farm,BarbedWire
tools,Farm,Broom
tools,Farm,BurlapSack
tools,Farm,CombinationLock
tools,Farm,CombinationLock4
tools,Farm,Crowbar
tools,Farm,DuctTape
tools,Farm,Fabric
tools,Farm,FarmingHoe
tools,Farm,GardenLime
tools,Farm,Hacksaw
tools,Farm,Hammer
tools,Farm,HandSaw
tools,Farm,Hatchet
tools,Farm,Headtorch_Black
tools,Farm,Headtorch_Grey
tools,Farm,Machete
tools,Farm,MeatTenderizer
tools,Farm,MetalWire
tools,Farm,NailBox
tools,Farm,Pickaxe
tools,Farm,PipeWrench
tools,Farm,Pitchfork
tools,Farm,Pliers
tools,Farm,Rope
tools,Farm,Shovel
tools,Farm,Sickle
tools,Farm,Whetstone
tools,Farm,WoodAxe
tools,Farm,Wrench
tools,Firefighter,FirefighterAxe
tools,Hunting,BearTrap
tools,Hunting,Binoculars
tools,Hunting,ChernarusMap
tools,Hunting,Compass
tools,Hunting,DuctTape
tools,Hunting,FangeKnife
tools,Hunting,GPSReceiver
tools,Hunting,Headtorch_Black
tools,Hunting,Headtorch_Grey
tools,Hunting,HuntingKnife
tools,Hunting,LargeGasCanister
tools,Hunting,Mace
tools,Hunting,MediumGasCanister
tools,Hunting,NylonKnifeSheath
tools,Hunting,OrienteeringCompass
tools,Hunting,PortableGasLamp
tools,Hunting,PortableGasStove
tools,Hunting,Pot
tools,Hunting,PurificationTablets
tools,Hunting,Rangefinder
tools,Hunting,SewingKit
tools,Hunting,SmallGasCanister
tools,Hunting,Tripod
tools,Industrial,AlarmClock_Blue
tools,Industrial,AlarmClock_Green
tools,Industrial,AlarmClock_Red
tools,Industrial,BarbedWire
tools,Industrial,Battery9V
tools,Industrial,BatteryCharger
tools,Industrial,Blowtorch
tools,Industrial,BurlapSack
tools,Industrial,CableReel
tools,Industrial,CanisterGasoline
tools,Industrial,CarBattery
tools,Industrial,CarRadiator
tools,Industrial,CombinationLock
tools,Industrial,CombinationLock4
tools,Industrial,Crowbar
tools,Industrial,CrudeMachete
tools,Industrial,DuctTape
tools,Industrial,ElectronicRepairKit
tools,Industrial,Fabric
tools,Industrial,GlowPlug
tools,Industrial,Hacksaw
tools,Industrial,Hammer
tools,Industrial,HandSaw
tools,Industrial,HeadlightH7_Box
tools,Industrial,Headtorch_Black
tools,Industrial,Headtorch_Grey
tools,Industrial,LeatherSewingKit
tools,Industrial,Lockpick
tools,Industrial,LugWrench
tools,Industrial,MetalPlate
tools,Industrial,MetalWire
tools,Industrial,NailBox
tools,Industrial,Netting
tools,Industrial,Pickaxe
tools,Industrial,PileOfWoodenPlanks
tools,Industrial,Pipe
tools,Industrial,PipeWrench
tools,Industrial,Pliers
tools,Industrial,PowerGenerator
tools,Industrial,Rangefinder
tools,Industrial,RemoteDetonator
tools,Industrial,Rope
tools,Industrial,Screwdriver
tools,Industrial,Shovel
tools,Industrial,Sickle
tools,Industrial,SledgeHammer
tools,Industrial,SparkPlug
tools,Industrial,Spotlight
tools,Industrial,TireRepairKit
tools,Industrial,TruckBattery
tools,Industrial,WoodAxe
tools,Industrial,Wrench
tools,Lunapark,FireworksLauncher
tools,Lunapark,OrientalMachete
tools,Medic,AntiChemInjector
tools,Medic,BandageDressing
tools,Medic,BloodBagEmpty
tools,Medic,BloodTestKit
tools,Medic,CharcoalTablets
tools,Medic,DisinfectantSpray
tools,Medic,Epinephrine
tools,Medic,FilteringBottle
tools,Medic,IodineTincture
tools,Medic,Morphine
tools,Medic,PainkillerTablets
tools,Medic,PurificationTablets
tools,Medic,SalineBag
tools,Medic,StartKitIV
tools,Medic,TetracyclineAntibiotics
tools,Medic,Thermometer
tools,Military,BaseRadio
tools,Military,Binoculars
tools,Military,Camonet
tools,Military,CombatKnife
tools,Military,Compass
tools,Military,EpoxyPutty
tools,Military,FieldShovel
tools,Military,Megaphone
tools,Military,NVGHeadstrap
tools,Military,PersonalRadio
tools,Military,Rangefinder
tools,Military,Roadflare
tools,Military,ShippingContainerKeys_Blue
tools,Military,ShippingContainerKeys_Orange
tools,Military,ShippingContainerKeys_Red
tools,Military,ShippingContainerKeys_Yellow
tools,Military,WeaponCleaningKit
tools,Office,AlarmClock_Blue
tools,Office,AlarmClock_Green
tools,Office,AlarmClock_Red
tools,Office,Flag_APA
tools,Office,Flag_Altis
tools,Office,Flag_BabyDeer
tools,Office,Flag_Bear
tools,Office,Flag_Bohemia
tools,Office,Flag_BrainZ
tools,Office,Flag_Cannibals
tools,Office,Flag_Crook
tools,Office,Flag_DayZ
tools,Office,Flag_Livonia
tools,Office,Flag_LivoniaArmy
tools,Office,Flag_LivoniaPolice
tools,Office,Flag_NSahrani
tools,Office,Flag_Pirates
tools,Office,Flag_RSTA
tools,Office,Flag_Refuge
tools,Office,Flag_Rex
tools,Office,Flag_SSahrani
tools,Office,Flag_Snake
tools,Office,Flag_White
tools,Office,Flag_Zagorky
tools,Police,Binoculars
tools,Police,HandcuffKeys
tools,Police,Handcuffs
tools,Police,Megaphone
tools,Police,PersonalRadio
tools,Police,Rangefinder
tools,Police,Roadflare
tools,Prison,HandcuffKeys
tools,Prison,Handcuffs
tools,School,AlarmClock_Blue
tools,School,AlarmClock_Green
tools,School,AlarmClock_Red
tools,School,Flag_APA
tools,School,Flag_Altis
tools,School,Flag_BabyDeer
tools,School,Flag_Bear
tools,School,Flag_Bohemia
tools,School,Flag_BrainZ
tools,School,Flag_Cannibals
tools,School,Flag_Crook
tools,School,Flag_DayZ
tools,School,Flag_Livonia
tools,School,Flag_LivoniaArmy
tools,School,Flag_LivoniaPolice
tools,School,Flag_NSahrani
tools,School,Flag_Pirates
tools,School,Flag_RSTA
tools,School,Flag_Refuge
tools,School,Flag_Rex
tools,School,Flag_SSahrani
tools,School,Flag_Snake
tools,School,Flag_White
tools,School,Flag_Zagorky
tools,Town,AlarmClock_Blue
tools,Town,AlarmClock_Green
tools,Town,AlarmClock_Red
tools,Town,BaseballBat
tools,Town,Broom
tools,Town,ChelatingTablets
tools,Town,Cleaver
tools,Town,DuctTape
tools,Town,KitchenKnife
tools,Town,KitchenTimer
tools,Town,MeatTenderizer
tools,Town,OrientalMachete
tools,Town,Thermometer
tools,Town,XmasLights
tools,Village,AlarmClock_Blue
tools,Village,AlarmClock_Green
tools,Village,AlarmClock_Red
tools,Village,BaseballBat
tools,Village,Battery9V
tools,Village,BrassKnuckles_Dull
tools,Village,BrassKnuckles_Shiny
tools,Village,Broom
tools,Village,CanOpener
tools,Village,ChelatingTablets
tools,Village,Chemlight_Blue
tools,Village,Chemlight_Green
tools,Village,Chemlight_Red
tools,Village,Chemlight_White
tools,Village,Chemlight_Yellow
tools,Village,ChernarusMap
tools,Village,Cleaver
tools,Village,DisinfectantAlcohol
tools,Village,DisinfectantSpray
tools,Village,DuctTape
tools,Village,FryingPan
tools,Village,Hatchet
tools,Village,Headtorch_Black
tools,Village,Headtorch_Grey
tools,Village,IodineTincture
tools,Village,KitchenKnife
tools,Village,KitchenTimer
tools,Village,KukriKnife
tools,Village,LeatherSewingKit
tools,Village,MeatTenderizer
tools,Village,MediumGasCanister
tools,Village,Megaphone
tools,Village,OrientalMachete
tools,Village,OrienteeringCompass
tools,Village,Pen_Black
tools,Village,Pen_Blue
tools,Village,Pen_Green
tools,Village,Pen_Red
tools,Village,Pliers
tools,Village,PortableGasStove
tools,Village,Pot
tools,Village,SewingKit
tools,Village,SmallGasCanister
tools,Village,SteakKnife
tools,Village,VitaminBottle
tools,Village,WoodAxe
tools,Village,Wrench
weapons,,Derringer_Black
weapons,,Derringer_Pink
weapons,Coast,Ammo_Flare
weapons,Coast,Ammo_FlareBlue
weapons,Coast,Ammo_FlareGreen
weapons,Coast,Ammo_FlareRed
weapons,Coast,Flaregun
weapons,Farm,AmmoBox_357_20Rnd
weapons,Farm,Ammo_308Win
weapons,Farm,Ammo_308WinTracer
weapons,Farm,Ammo_357
weapons,Farm,Ammo_762x39
weapons,Farm,CZ527
weapons,Farm,Crossbow_Summer
weapons,Farm,Crossbow_Wood
weapons,Farm,Izh18
weapons,Farm,Izh18Shotgun
weapons,Farm,Mag_CZ527_5rnd
weapons,Farm,Magnum
weapons,Farm,Mosin_Bayonet
weapons,Farm,Repeater
weapons,Firefighter,Ammo_Flare
weapons,Firefighter,Ammo_FlareBlue
weapons,Firefighter,Ammo_FlareGreen
weapons,Firefighter,Ammo_FlareRed
weapons,Hunting,AmmoBox_00buck_10rnd
weapons,Hunting,AmmoBox_12gaSlug_10Rnd
weapons,Hunting,AmmoBox_308WinTracer_20Rnd
weapons,Hunting,AmmoBox_308Win_20Rnd
weapons,Hunting,Ammo_308Win
weapons,Hunting,Ammo_308WinTracer
weapons,Hunting,Ammo_762x39
weapons,Hunting,Ammo_762x39Tracer
weapons,Hunting,Ammo_762x54
weapons,Hunting,Ammo_HuntingBolt
weapons,Hunting,B95
weapons,Hunting,CZ527
weapons,Hunting,CZ550
weapons,Hunting,Crossbow_Autumn
weapons,Hunting,Crossbow_Wood
weapons,Hunting,HuntingOptic
weapons,Hunting,Longhorn
weapons,Hunting,Mag_CZ527_5rnd
weapons,Hunting,Mag_CZ550_10Rnd
weapons,Hunting,Mosin9130
weapons,Hunting,Mosin_Compensator
weapons,Hunting,PUScopeOptic
weapons,Hunting,PistolOptic
weapons,Hunting,SportingOptic
weapons,Hunting,Sword
weapons,Hunting,Winchester70
weapons,Medic,Ammo_Flare
weapons,Medic,Ammo_FlareBlue
weapons,Medic,Ammo_FlareGreen
weapons,Medic,Ammo_FlareRed
weapons,Medic,Flaregun
weapons,Military,ACOGOptic
weapons,Military,AK74
weapons,Military,AK74_Hndgrd
weapons,Military,AK74_WoodBttstck
weapons,Military,AKS74U
weapons,Military,AKS74U_Bttstck
weapons,Military,AK_Bayonet
weapons,Military,AK_FoldingBttstck
weapons,Military,AK_PlasticBttstck
weapons,Military,AK_PlasticHndgrd
weapons,Military,AK_RailHndgrd
weapons,Military,AK_Suppressor
weapons,Military,AK_WoodBttstck
weapons,Military,AK_WoodHndgrd
weapons,Military,ASVAL
weapons,Military,AmmoBox_45ACP_25rnd
weapons,Military,AmmoBox_545x39Tracer_20Rnd
weapons,Military,AmmoBox_545x39_20Rnd
weapons,Military,AmmoBox_9x19_25rnd
weapons,Military,AmmoBox_9x39AP_20Rnd
weapons,Military,AmmoBox_9x39_20Rnd
weapons,Military,Ammo_40mm_ChemGas
weapons,Military,Ammo_40mm_Explosive
weapons,Military,Ammo_40mm_Smoke_Black
weapons,Military,Ammo_40mm_Smoke_Green
weapons,Military,Ammo_40mm_Smoke_Red
weapons,Military,Ammo_40mm_Smoke_White
weapons,Military,Ammo_45ACP
weapons,Military,Ammo_545x39
weapons,Military,Ammo_545x39Tracer
weapons,Military,Ammo_556x45
weapons,Military,Ammo_556x45Tracer
weapons,Military,Ammo_762x39Tracer
weapons,Military,Ammo_762x54Tracer
weapons,Military,Ammo_9x39
weapons,Military,Ammo_9x39AP
weapons,Military,Ammo_Flare
weapons,Military,Ammo_FlareBlue
weapons,Military,Ammo_FlareGreen
weapons,Military,Ammo_FlareRed
weapons,Military,Aug
weapons,Military,AugShort
weapons,Military,BUISOptic
weapons,Military,CZ61
weapons,Military,Colt1911
weapons,Military,Engraved1911
weapons,Military,FAL
weapons,Military,FAMAS
weapons,Military,FNP45_MRDSOptic
weapons,Military,FNX45
weapons,Military,Fal_FoldingBttstck
weapons,Military,Fal_OeBttstck
weapons,Military,KashtanOptic
weapons,Military,KazuarOptic
weapons,Military,KobraOptic
weapons,Military,M16A2
weapons,Military,M4_CQBBttstck
weapons,Military,M4_CarryHandleOptic
weapons,Military,M4_MPBttstck
weapons,Military,M4_MPHndgrd
weapons,Military,M4_OEBttstck
weapons,Military,M4_PlasticHndgrd
weapons,Military,M4_RISHndgrd
weapons,Military,M4_Suppressor
weapons,Military,M4_T3NRDSOptic
weapons,Military,M68Optic
weapons,Military,M79
weapons,Military,M9A1_Bayonet
weapons,Military,MP5K
weapons,Military,MP5_Compensator
weapons,Military,MP5_PlasticHndgrd
weapons,Military,MP5_RailHndgrd
weapons,Military,MP5k_StockBttstck
weapons,Military,Mag_1911_7Rnd
weapons,Military,Mag_AK74_30Rnd
weapons,Military,Mag_AKM_30Rnd
weapons,Military,Mag_AKM_Palm30Rnd
weapons,Military,Mag_Aug_30Rnd
weapons,Military,Mag_CMAG_10Rnd
weapons,Military,Mag_CZ61_20Rnd
weapons,Military,Mag_FAL_20Rnd
weapons,Military,Mag_FAMAS_25Rnd
weapons,Military,Mag_FNX45_15Rnd
weapons,Military,Mag_IJ70_8Rnd
weapons,Military,Mag_M14_10Rnd
weapons,Military,Mag_MP5_15Rnd
weapons,Military,Mag_MP5_30Rnd
weapons,Military,Mag_P1_8Rnd
weapons,Military,Mag_PP19_64Rnd
weapons,Military,Mag_STANAG_30Rnd
weapons,Military,Mag_Saiga_5Rnd
weapons,Military,Mag_Saiga_8Rnd
weapons,Military,Mag_Saiga_Drum20Rnd
weapons,Military,Mag_UMP_25Rnd
weapons,Military,Mag_VAL_20Rnd
weapons,Military,Mag_VSS_10Rnd
weapons,Military,Mag_Vikhr_30Rnd
weapons,Military,MakarovIJ70
weapons,Military,Mosin_Bayonet
weapons,Military,P1
weapons,Military,PP19
weapons,Military,PP19_Bttstck
weapons,Military,PSO11Optic
weapons,Military,PSO1Optic
weapons,Military,PSO6Optic
weapons,Military,ReflexOptic
weapons,Military,SKS
weapons,Military,SKS_Bayonet
weapons,Military,Saiga
weapons,Military,Saiga_Bttstck
weapons,Military,StarlightOptic
weapons,Military,TLRLight
weapons,Military,UMP45
weapons,Military,UniversalLight
weapons,Military,VSS
weapons,Military,Vikhr
weapons,Police,ACOGOptic_6x
weapons,Police,AmmoBox_00buck_10rnd
weapons,Police,AmmoBox_12gaRubberSlug_10Rnd
weapons,Police,AmmoBox_12gaSlug_10Rnd
weapons,Police,AmmoBox_380_35rnd
weapons,Police,AmmoBox_9x19_25rnd
weapons,Police,Ammo_12gaRubberSlug
weapons,Police,Ammo_Flare
weapons,Police,Ammo_FlareBlue
weapons,Police,Ammo_FlareGreen
weapons,Police,Ammo_FlareRed
weapons,Police,CZ75
weapons,Police,Glock19
weapons,Police,Mag_CZ75_15Rnd
weapons,Police,Mag_Glock_15Rnd
weapons,Police,Mag_PM73_15Rnd
weapons,Police,Mag_PM73_25Rnd
weapons,Police,Mag_SSG82_5rnd
weapons,Police,Mag_Scout_5Rnd
weapons,Police,Mp133Shotgun
weapons,Police,PM73Rak
weapons,Police,PistolSuppressor
weapons,Police,R12
weapons,Police,SSG82
weapons,Police,Scout_Chernarus
weapons,Police,Scout_Livonia
weapons,Police,TLRLight
weapons,Police,UniversalLight
weapons,Prison,Scout
weapons,Special,AK101
weapons,Special,AmmoBox_556x45Tracer_20Rnd
weapons,Special,AmmoBox_556x45_20Rnd
weapons,Special,M14
weapons,Special,M4A1
weapons,Special,MK4Optic_black
weapons,Special,MK4Optic_green
weapons,Special,MK4Optic_tan
weapons,Special,Mag_AK101_30Rnd
weapons,Special,Mag_CMAG_20Rnd
weapons,Special,Mag_CMAG_30Rnd
weapons,Special,Mag_CMAG_40Rnd
weapons,Special,Mag_M14_20Rnd
weapons,Special,Mag_STANAG_60Rnd
weapons,Town,AmmoBox_22_50Rnd
weapons,Town,AmmoBox_357_20Rnd
weapons,Town,Ammo_22
weapons,Town,Ammo_308Win
weapons,Town,Ammo_308WinTracer
weapons,Town,Ammo_357
weapons,Town,Crossbow_Black
weapons,Town,Deagle
weapons,Town,Deagle_Gold
weapons,Town,Derringer_Grey
weapons,Town,Iceaxe
weapons,Town,Izh18Shotgun
weapons,Town,Mag_CZ527_5rnd
weapons,Town,Mag_Deagle_9rnd
weapons,Town,Mag_MKII_10Rnd
weapons,Town,Mag_Ruger1022_15Rnd
weapons,Town,Mag_Ruger1022_30Rnd
weapons,Town,Magnum
weapons,Town,Repeater
weapons,Town,Ruger1022
weapons,Underground,AKM
weapons,Underground,AmmoBox_762x39Tracer_20Rnd
weapons,Underground,AmmoBox_762x39_20Rnd
weapons,Underground,AmmoBox_762x54Tracer_20Rnd
weapons,Underground,AmmoBox_762x54_20Rnd
weapons,Underground,Mag_AK74_45Rnd
weapons,Underground,Mag_AKM_Drum75Rnd
weapons,Underground,Mag_SV98_10Rnd
weapons,Underground,Mag_SVD_10Rnd
weapons,Underground,NVGoggles
weapons,Underground,SV98
weapons,Underground,SVD
weapons,Underground,SVD_Wooden
weapons,Village,AmmoBox_22_50Rnd
weapons,Village,AmmoBox_357_20Rnd
weapons,Village,Ammo_12gaPellets
weapons,Village,Ammo_12gaSlug
weapons,Village,Ammo_22
weapons,Village,Ammo_308Win
weapons,Village,Ammo_308WinTracer
weapons,Village,Ammo_357
weapons,Village,Ammo_380
weapons,Village,Ammo_762x39
weapons,Village,Ammo_9x19
weapons,Village,Engraved1911
weapons,Village,Iceaxe
weapons,Village,Izh18
weapons,Village,Izh18Shotgun
weapons,Village,Izh43Shotgun
weapons,Village,MKII
weapons,Village,Mag_CZ527_5rnd
weapons,Village,Mag_MKII_10Rnd
weapons,Village,Mag_P1_8Rnd
weapons,Village,Mag_Ruger1022_15Rnd
weapons,Village,Mag_Ruger1022_30Rnd
weapons,Village,Magnum
weapons,Village,P1
weapons,Village,Repeater
weapons,Village,Ruger1022
